EmployeeID,Tenure,Department,Role,MonthlyHours,LastPromotion,Salary,Attrition,RiskPercentage,Driver1,Driver2,Driver3
EMP0001,131,Engineering,Software Engineer,162,59,73166.9,1,51.9,Tenure,Market Competitiveness,MonthlyHours
EMP0002,15,HR,VP of HR,143,9,161940.96,0,30.9,Market Competitiveness,LastPromotion,Role Overload
EMP0003,23,Engineering,Software Engineer,170,5,66475.16,0,43.4,Salary,Tenure,LastPromotion
EMP0004,4,Operations,Operations Manager,206,2,110149.36,0,64.5,Salary,Tenure,Role Overload
EMP0005,94,Operations,Operations Specialist,182,51,56984.98,0,67.0,LastPromotion,Salary,Role Overload
EMP0006,55,Finance,Finance Manager,168,24,97239.86,0,44.1,Salary,Tenure,LastPromotion
EMP0007,26,Finance,Accountant,178,18,52308.16,1,38.6,LastPromotion,Salary,Market Competitiveness
EMP0008,63,Finance,Finance Manager,157,13,115493.76,0,34.4,Market Competitiveness,MonthlyHours,Tenure
EMP0009,37,Sales,Account Executive,146,31,72625.42,0,41.6,Tenure,MonthlyHours,Role Overload
EMP0010,1,Operations,Director of Operations,194,0,178332.03,1,68.9,Market Competitiveness,Salary,LastPromotion
EMP0011,96,Finance,Finance Manager,187,1,95154.7,0,37.7,Role Overload,Tenure,MonthlyHours
EMP0012,19,Engineering,Software Engineer,158,4,74885.35,0,24.8,Tenure,LastPromotion,Role Overload
EMP0013,10,HR,HR Generalist,154,0,71094.97,0,33.7,LastPromotion,Role Overload,MonthlyHours
EMP0014,93,HR,HR Generalist,178,2,65691.63,0,44.1,Tenure,Market Competitiveness,Role Overload
EMP0015,46,Operations,Operations Specialist,169,22,55043.33,1,56.2,Market Competitiveness,Role Overload,Salary
EMP0016,52,Operations,Operations Specialist,160,45,62670.26,0,64.9,Market Competitiveness,Salary,Tenure
EMP0017,49,Operations,Operations Specialist,157,5,63734.45,0,73.9,Salary,Tenure,LastPromotion
EMP0018,6,Marketing,VP of Marketing,185,1,181780.16,1,43.7,Tenure,LastPromotion,Role Overload
EMP0019,115,Sales,Account Executive,197,43,53567.06,0,80.3,Tenure,Salary,Market Competitiveness
EMP0020,11,Marketing,Marketing Manager,176,7,123850.36,0,28.6,Tenure,Role Overload,MonthlyHours
EMP0021,33,Finance,VP of Finance,191,32,166357.68,0,49.8,Salary,LastPromotion,Tenure
EMP0022,66,Operations,Operations Manager,161,30,115185.04,0,33.5,Tenure,LastPromotion,Market Competitiveness
EMP0023,18,Marketing,Growth Hacker,153,13,75204.09,0,40.6,Market Competitiveness,Tenure,MonthlyHours
EMP0024,5,Sales,Sales Manager,174,2,97410.05,0,42.0,Tenure,Salary,Market Competitiveness
EMP0025,111,Sales,Sales Representative,169,30,58224.84,0,36.8,Tenure,Salary,MonthlyHours
EMP0026,144,HR,Recruiter,169,29,68251.78,0,37.1,Tenure,Role Overload,Market Competitiveness
EMP0027,1,Marketing,Marketing Specialist,180,0,69090.92,0,50.2,LastPromotion,Market Competitiveness,Role Overload
EMP0028,72,Sales,VP of Sales,181,17,169061.65,0,42.0,Tenure,LastPromotion,MonthlyHours
EMP0029,5,Marketing,Marketing Specialist,141,4,64060.15,0,57.0,MonthlyHours,Salary,Market Competitiveness
EMP0030,63,Marketing,Marketing Manager,151,26,121312.21,0,56.2,Tenure,MonthlyHours,Role Overload
EMP0031,9,HR,HR Manager,178,8,105945.83,0,27.3,Market Competitiveness,Salary,Tenure
EMP0032,27,Engineering,Engineering Manager,182,8,98421.83,1,48.7,Market Competitiveness,Tenure,Role Overload
EMP0033,15,HR,VP of HR,165,13,162126.24,0,30.3,Market Competitiveness,MonthlyHours,Salary
EMP0034,10,Engineering,Staff Engineer,177,2,129038.36,0,20.1,Market Competitiveness,MonthlyHours,Role Overload
EMP0035,2,Engineering,Engineering Manager,173,0,96677.43,0,62.3,Market Competitiveness,LastPromotion,Salary
EMP0036,27,Marketing,Growth Hacker,146,9,58974.73,0,41.0,Salary,Market Competitiveness,Role Overload
EMP0037,32,Engineering,Staff Engineer,176,16,134943.29,0,44.5,MonthlyHours,Role Overload,Salary
EMP0038,1,Operations,Operations Specialist,180,0,77003.71,0,25.2,Tenure,MonthlyHours,Salary
EMP0039,3,Sales,Sales Representative,208,2,61488.02,0,61.3,LastPromotion,Salary,Tenure
EMP0040,5,Operations,Operations Specialist,157,3,60476.16,1,42.4,MonthlyHours,Salary,Market Competitiveness
EMP0041,14,Operations,Operations Manager,182,13,130564.51,0,31.5,Salary,LastPromotion,Tenure
EMP0042,85,Operations,Director of Operations,184,34,172006.96,0,49.5,Tenure,Salary,MonthlyHours
EMP0043,24,Finance,VP of Finance,182,16,167996.68,0,34.9,Tenure,Market Competitiveness,Salary
EMP0044,17,Operations,Operations Specialist,185,4,62629.11,0,39.8,LastPromotion,Salary,MonthlyHours
EMP0045,12,Finance,Financial Analyst,188,7,76277.51,1,34.0,Salary,MonthlyHours,Market Competitiveness
EMP0046,71,Operations,Operations Manager,157,52,117740.04,0,74.0,Tenure,LastPromotion,MonthlyHours
EMP0047,113,Finance,Financial Analyst,198,56,59852.45,0,99.9,Tenure,Salary,Role Overload
EMP0048,42,HR,Recruiter,173,10,57732.55,0,59.6,MonthlyHours,Salary,Role Overload
EMP0049,54,Marketing,VP of Marketing,175,24,142312.83,0,40.2,Market Competitiveness,Tenure,Salary
EMP0050,64,Marketing,Marketing Manager,174,20,122968.37,0,40.8,Salary,LastPromotion,Tenure
EMP0051,13,Sales,Account Executive,176,4,72059.41,0,46.0,Role Overload,Tenure,Salary
EMP0052,3,Engineering,Software Engineer,140,0,57890.95,0,66.4,MonthlyHours,Salary,Tenure
EMP0053,39,Operations,Operations Specialist,151,33,66806.72,1,57.0,MonthlyHours,Tenure,LastPromotion
EMP0054,31,Marketing,VP of Marketing,168,25,146573.38,0,44.7,Market Competitiveness,Role Overload,MonthlyHours
EMP0055,30,Sales,Sales Manager,154,1,102445.2,0,36.7,Market Competitiveness,MonthlyHours,Role Overload
EMP0056,101,Marketing,Growth Hacker,179,16,60079.02,0,67.1,Tenure,Salary,LastPromotion
EMP0057,7,Operations,Operations Specialist,188,3,72787.34,0,41.7,Role Overload,Tenure,Market Competitiveness
EMP0058,26,Marketing,Marketing Specialist,164,14,75461.92,0,33.8,LastPromotion,Salary,Market Competitiveness
EMP0059,44,HR,VP of HR,149,21,182655.08,0,42.7,MonthlyHours,LastPromotion,Role Overload
EMP0060,27,Sales,VP of Sales,176,20,162754.79,0,33.1,LastPromotion,MonthlyHours,Market Competitiveness
EMP0061,82,Marketing,VP of Marketing,170,57,209668.44,1,49.9,Tenure,Market Competitiveness,Role Overload
EMP0062,26,Engineering,Senior Engineer,178,14,83386.89,0,51.3,MonthlyHours,Role Overload,Market Competitiveness
EMP0063,17,Operations,Director of Operations,183,8,143495.4,0,40.4,Market Competitiveness,Tenure,MonthlyHours
EMP0064,30,HR,HR Manager,173,10,101715.98,0,32.3,Role Overload,LastPromotion,Salary
EMP0065,55,Marketing,VP of Marketing,141,0,153747.02,0,39.3,Role Overload,Tenure,LastPromotion
EMP0066,60,HR,VP of HR,170,52,164503.7,0,67.5,Role Overload,Tenure,Market Competitiveness
EMP0067,20,Sales,Sales Manager,190,13,124964.86,0,25.7,Tenure,Market Competitiveness,LastPromotion
EMP0068,81,HR,Recruiter,174,35,74062.67,0,49.7,Tenure,Role Overload,Salary
EMP0069,24,Engineering,Staff Engineer,154,10,124452.78,0,31.9,Tenure,LastPromotion,Salary
EMP0070,11,Finance,Finance Manager,171,6,122734.27,0,40.6,Salary,Role Overload,Tenure
EMP0071,47,HR,HR Generalist,176,45,58509.06,0,45.4,Tenure,Salary,Role Overload
EMP0072,10,Engineering,Software Engineer,158,7,60978.75,0,66.2,Market Competitiveness,Salary,MonthlyHours
EMP0073,61,Marketing,Marketing Specialist,179,7,55334.53,0,61.6,Tenure,Salary,MonthlyHours
EMP0074,56,Engineering,Software Engineer,186,37,72067.43,0,58.0,Tenure,Role Overload,MonthlyHours
EMP0075,42,HR,Recruiter,183,19,53085.49,0,73.2,Salary,Tenure,MonthlyHours
EMP0076,11,Sales,Account Executive,171,1,68012.91,1,29.9,Role Overload,MonthlyHours,LastPromotion
EMP0077,48,Sales,Sales Representative,168,2,65257.12,0,42.6,Salary,MonthlyHours,LastPromotion
EMP0078,83,Sales,Sales Manager,159,44,103640.61,1,47.3,Tenure,Salary,Market Competitiveness
EMP0079,8,HR,Recruiter,188,1,70234.19,0,37.4,MonthlyHours,Market Competitiveness,Salary
EMP0080,113,Marketing,Growth Hacker,140,6,65871.79,0,51.9,Tenure,Market Competitiveness,Salary
EMP0081,88,Operations,Operations Manager,171,44,113925.83,0,49.5,Salary,Tenure,Role Overload
EMP0082,26,HR,HR Manager,157,7,124085.71,0,33.0,MonthlyHours,Salary,Market Competitiveness
EMP0083,12,Operations,Operations Manager,152,4,113035.59,0,40.8,Role Overload,Salary,Market Competitiveness
EMP0084,18,HR,HR Manager,176,5,132646.52,0,19.6,Role Overload,Tenure,Market Competitiveness
EMP0085,29,Engineering,Senior Engineer,164,27,88698.61,0,39.3,Salary,Market Competitiveness,Tenure
EMP0086,8,Engineering,Software Engineer,181,7,66084.14,0,48.4,Tenure,Role Overload,LastPromotion
EMP0087,8,Finance,Finance Manager,153,3,114485.67,0,47.3,LastPromotion,MonthlyHours,Role Overload
EMP0088,2,Operations,Operations Manager,175,1,104848.84,0,27.3,Tenure,Role Overload,Salary
EMP0089,61,Operations,Director of Operations,159,19,199775.76,0,50.6,Salary,Tenure,MonthlyHours
EMP0090,2,Marketing,VP of Marketing,181,0,187946.66,0,37.0,Role Overload,Market Competitiveness,LastPromotion
EMP0091,8,Marketing,Growth Hacker,162,2,59276.32,0,49.2,MonthlyHours,Salary,LastPromotion
EMP0092,9,Finance,Financial Analyst,215,7,62401.4,0,87.7,Salary,Tenure,LastPromotion
EMP0093,5,Finance,Accountant,184,0,74864.1,0,20.8,LastPromotion,Role Overload,MonthlyHours
EMP0094,52,HR,VP of HR,158,18,180928.47,0,26.6,Tenure,Role Overload,MonthlyHours
EMP0095,2,Sales,VP of Sales,173,1,202034.14,1,46.4,Tenure,Market Competitiveness,MonthlyHours
EMP0096,37,Marketing,Marketing Specialist,170,29,71343.16,0,32.9,LastPromotion,Role Overload,MonthlyHours
EMP0097,95,Engineering,Engineering Manager,206,8,101990.19,0,48.7,Tenure,Market Competitiveness,LastPromotion
EMP0098,54,Sales,VP of Sales,151,34,152606.49,0,41.6,Tenure,Role Overload,Salary
EMP0099,18,Finance,Accountant,174,12,70379.44,1,37.2,LastPromotion,Tenure,Role Overload
EMP0100,4,Finance,Financial Analyst,191,0,69709.93,0,52.4,Tenure,Market Competitiveness,Role Overload
EMP0101,35,Finance,Financial Analyst,168,0,75235.77,0,45.5,Market Competitiveness,MonthlyHours,LastPromotion
EMP0102,12,Finance,Accountant,179,4,72093.6,0,43.2,Tenure,MonthlyHours,Salary
EMP0103,12,Operations,Operations Manager,161,7,123557.03,0,41.9,MonthlyHours,LastPromotion,Market Competitiveness
EMP0104,32,Marketing,VP of Marketing,174,30,149304.44,0,39.1,LastPromotion,MonthlyHours,Market Competitiveness
EMP0105,2,Marketing,VP of Marketing,157,1,202334.66,0,41.8,Salary,Tenure,LastPromotion
EMP0106,36,Sales,Sales Manager,168,34,119045.87,0,45.6,Tenure,Market Competitiveness,Role Overload
EMP0107,12,Sales,Sales Manager,158,9,104156.33,0,55.1,Market Competitiveness,Role Overload,LastPromotion
EMP0108,8,HR,Recruiter,155,7,72159.75,0,45.0,MonthlyHours,Market Competitiveness,LastPromotion
EMP0109,7,Sales,Account Executive,161,2,63932.44,0,75.4,LastPromotion,Salary,Role Overload
EMP0110,108,Operations,Operations Specialist,180,38,71277.86,0,46.3,Tenure,Salary,MonthlyHours
EMP0111,2,Sales,Sales Manager,182,1,121164.06,0,37.1,LastPromotion,Market Competitiveness,Role Overload
EMP0112,11,Marketing,Marketing Manager,177,6,129983.33,0,35.7,Tenure,Market Competitiveness,MonthlyHours
EMP0113,26,HR,HR Generalist,186,15,58821.44,0,59.0,LastPromotion,Salary,Role Overload
EMP0114,50,Engineering,Engineering Manager,176,8,128517.07,0,43.5,Salary,Tenure,LastPromotion
EMP0115,30,Marketing,Growth Hacker,175,10,73040.1,0,46.4,Market Competitiveness,Role Overload,Tenure
EMP0116,173,Finance,Financial Analyst,199,9,77390.28,0,70.3,Tenure,Market Competitiveness,MonthlyHours
EMP0117,68,HR,VP of HR,187,42,201712.99,0,61.0,Tenure,Market Competitiveness,MonthlyHours
EMP0118,3,Operations,Director of Operations,157,1,148223.67,0,28.5,Salary,Role Overload,Market Competitiveness
EMP0119,127,Sales,VP of Sales,162,27,183826.05,0,31.4,Tenure,Role Overload,MonthlyHours
EMP0120,8,Finance,Finance Manager,158,5,116260.25,0,33.7,Market Competitiveness,Salary,Role Overload
EMP0121,53,Engineering,Engineering Manager,158,29,101544.88,0,39.4,Tenure,Salary,Role Overload
EMP0122,101,HR,VP of HR,168,29,194306.43,1,47.9,Role Overload,Tenure,MonthlyHours
EMP0123,6,Marketing,VP of Marketing,162,3,169074.34,0,45.8,MonthlyHours,Tenure,LastPromotion
EMP0124,27,Marketing,VP of Marketing,163,9,188392.26,0,41.7,Salary,Market Competitiveness,MonthlyHours
EMP0125,35,Sales,Account Executive,174,6,51373.78,0,62.8,Salary,LastPromotion,MonthlyHours
EMP0126,64,Operations,Operations Manager,179,1,132141.32,1,46.9,Tenure,MonthlyHours,LastPromotion
EMP0127,20,Engineering,Software Engineer,183,7,51811.85,0,53.3,Salary,Tenure,LastPromotion
EMP0128,30,Marketing,Growth Hacker,164,5,73692.56,0,38.8,Role Overload,Market Competitiveness,MonthlyHours
EMP0129,38,Finance,Finance Manager,185,3,105912.71,0,28.1,Tenure,Market Competitiveness,LastPromotion
EMP0130,7,Marketing,Growth Hacker,176,2,56247.59,0,89.4,Role Overload,Salary,Tenure
EMP0131,8,Finance,Finance Manager,178,5,121939.88,0,48.9,Tenure,Market Competitiveness,LastPromotion
EMP0132,1,Engineering,Software Engineer,150,0,55242.25,0,38.0,Tenure,Salary,Role Overload
EMP0133,15,HR,HR Generalist,166,0,56169.05,0,49.9,Market Competitiveness,Salary,Role Overload
EMP0134,7,Operations,Director of Operations,164,6,144563.6,1,49.7,Salary,Tenure,Role Overload
EMP0135,51,Marketing,Growth Hacker,165,7,71352.43,0,41.1,Tenure,MonthlyHours,Salary
EMP0136,10,Operations,Operations Specialist,177,4,58499.34,0,75.9,Salary,LastPromotion,Tenure
EMP0137,123,Marketing,Marketing Manager,183,52,95679.26,0,31.7,Tenure,Salary,MonthlyHours
EMP0138,9,HR,Recruiter,177,3,55309.67,1,39.7,MonthlyHours,Salary,LastPromotion
EMP0139,117,Operations,Director of Operations,172,44,149737.6,0,40.1,Market Competitiveness,Tenure,MonthlyHours
EMP0140,5,HR,HR Manager,198,0,113110.7,0,65.2,LastPromotion,MonthlyHours,Tenure
EMP0141,17,Engineering,Engineering Manager,183,14,105690.4,0,28.0,MonthlyHours,Tenure,Salary
EMP0142,22,Finance,Financial Analyst,179,21,54840.6,0,54.1,Salary,Market Competitiveness,MonthlyHours
EMP0143,13,HR,VP of HR,192,2,194047.58,0,52.7,Market Competitiveness,Role Overload,LastPromotion
EMP0144,6,HR,HR Generalist,193,0,75726.69,0,40.5,Market Competitiveness,Salary,LastPromotion
EMP0145,1,Sales,Sales Representative,184,0,65470.12,0,38.7,Market Competitiveness,Role Overload,Salary
EMP0146,52,HR,HR Generalist,170,11,74468.82,0,39.1,Role Overload,Market Competitiveness,Tenure
EMP0147,34,Engineering,Engineering Manager,190,13,131071.71,1,49.6,Salary,LastPromotion,MonthlyHours
EMP0148,35,Engineering,Software Engineer,170,26,60001.86,0,65.3,LastPromotion,Salary,Market Competitiveness
EMP0149,12,Marketing,Marketing Specialist,195,1,64655.84,0,58.7,MonthlyHours,Salary,LastPromotion
EMP0150,10,Marketing,Growth Hacker,180,3,74040.16,0,40.2,MonthlyHours,Market Competitiveness,Role Overload
EMP0151,1,Finance,Finance Manager,175,0,116954.79,1,49.0,Salary,Market Competitiveness,Role Overload
EMP0152,10,Engineering,Software Engineer,176,2,77820.49,0,33.3,Role Overload,Market Competitiveness,MonthlyHours
EMP0153,52,Marketing,VP of Marketing,173,34,153584.38,0,45.2,Role Overload,Tenure,Salary
EMP0154,146,Sales,Account Executive,181,15,70024.02,0,60.4,Tenure,LastPromotion,Role Overload
EMP0155,3,Marketing,Marketing Specialist,144,2,50716.39,0,46.8,LastPromotion,Salary,Tenure
EMP0156,27,Finance,Financial Analyst,160,0,51458.68,0,66.0,Role Overload,Salary,Market Competitiveness
EMP0157,49,HR,HR Generalist,193,42,65011.78,0,52.2,Market Competitiveness,Tenure,Salary
EMP0158,25,HR,VP of HR,168,19,178386.15,0,19.8,MonthlyHours,Salary,Market Competitiveness
EMP0159,21,Finance,Finance Manager,178,11,125733.68,0,32.7,Salary,MonthlyHours,Role Overload
EMP0160,47,Finance,Finance Manager,172,24,113869.35,0,45.2,Salary,Market Competitiveness,LastPromotion
EMP0161,5,Marketing,VP of Marketing,180,2,149180.72,0,53.8,Role Overload,LastPromotion,Salary
EMP0162,57,Marketing,Marketing Manager,175,53,132949.67,1,51.6,Salary,Tenure,LastPromotion
EMP0163,99,Marketing,VP of Marketing,187,15,158087.68,0,17.9,Tenure,MonthlyHours,Salary
EMP0164,12,Sales,VP of Sales,185,0,168690.69,0,26.7,MonthlyHours,LastPromotion,Market Competitiveness
EMP0165,11,Finance,Finance Manager,193,6,115879.26,0,58.7,Salary,Market Competitiveness,Role Overload
EMP0166,67,Finance,Finance Manager,161,22,96012.84,0,46.6,Market Competitiveness,Salary,Tenure
EMP0167,116,Sales,Account Executive,183,18,70213.11,0,40.2,Tenure,Salary,Market Competitiveness
EMP0168,7,Engineering,Senior Engineer,162,3,84122.4,0,42.6,Market Competitiveness,Role Overload,LastPromotion
EMP0169,4,Marketing,Marketing Specialist,178,3,77238.83,0,41.4,Market Competitiveness,LastPromotion,Role Overload
EMP0170,46,Sales,Account Executive,167,42,67213.76,0,34.8,Market Competitiveness,MonthlyHours,Salary
EMP0171,58,Sales,Account Executive,162,8,60499.6,1,50.9,Tenure,MonthlyHours,Salary
EMP0172,17,Sales,VP of Sales,199,9,160900.16,0,69.7,Role Overload,MonthlyHours,Salary
EMP0173,35,Operations,Operations Specialist,178,14,58804.55,0,37.6,Market Competitiveness,Salary,MonthlyHours
EMP0174,47,Finance,Financial Analyst,188,15,64640.9,0,57.3,LastPromotion,Salary,Tenure
EMP0175,76,Engineering,Staff Engineer,187,56,120611.25,0,55.9,Tenure,LastPromotion,Role Overload
EMP0176,5,HR,VP of HR,156,4,207814.17,0,28.3,LastPromotion,MonthlyHours,Tenure
EMP0177,22,Finance,Accountant,189,3,77524.56,0,40.3,MonthlyHours,Salary,Tenure
EMP0178,82,Finance,Accountant,189,25,61735.42,0,61.2,Market Competitiveness,Salary,Tenure
EMP0179,42,Operations,Operations Manager,167,2,97216.27,0,33.7,Salary,Tenure,LastPromotion
EMP0180,26,Sales,Account Executive,161,6,56169.2,0,37.7,Role Overload,Salary,Market Competitiveness
EMP0181,3,HR,Recruiter,185,2,50801.48,0,67.0,Market Competitiveness,Salary,LastPromotion
EMP0182,3,Finance,Finance Manager,174,0,116939.36,1,33.6,MonthlyHours,Salary,LastPromotion
EMP0183,47,Finance,Accountant,194,40,50552.67,0,73.2,Tenure,Salary,Market Competitiveness
EMP0184,14,HR,VP of HR,152,6,189573.94,0,51.2,MonthlyHours,Role Overload,Tenure
EMP0185,7,Engineering,Staff Engineer,190,5,128659.04,0,62.9,Role Overload,Tenure,Salary
EMP0186,2,Finance,Accountant,187,1,50839.08,0,47.6,Role Overload,Salary,MonthlyHours
EMP0187,2,Sales,Sales Manager,170,1,101068.16,1,29.4,Role Overload,Market Competitiveness,Tenure
EMP0188,23,Operations,Operations Manager,165,17,104125.95,1,20.1,Tenure,Market Competitiveness,LastPromotion
EMP0189,51,Engineering,Staff Engineer,184,24,108432.98,1,66.3,Tenure,LastPromotion,MonthlyHours
EMP0190,39,Engineering,Staff Engineer,150,23,121642.63,0,46.0,Market Competitiveness,Tenure,Salary
EMP0191,46,Marketing,VP of Marketing,164,36,174600.66,0,42.6,Tenure,LastPromotion,Role Overload
EMP0192,1,Engineering,Software Engineer,167,0,64379.82,0,84.6,Salary,MonthlyHours,Role Overload
EMP0193,47,HR,HR Generalist,166,26,57869.19,1,80.0,LastPromotion,Salary,Tenure
EMP0194,31,Operations,Director of Operations,196,14,197107.23,0,66.5,Market Competitiveness,MonthlyHours,Tenure
EMP0195,124,Finance,Accountant,145,42,77956.0,0,68.7,Tenure,Salary,LastPromotion
EMP0196,12,Engineering,Engineering Manager,171,10,110966.82,0,39.5,Market Competitiveness,Role Overload,Tenure
EMP0197,1,Sales,Sales Representative,188,0,56912.46,0,57.6,Salary,Market Competitiveness,MonthlyHours
EMP0198,49,Sales,Account Executive,174,6,70609.99,0,56.8,Tenure,MonthlyHours,LastPromotion
EMP0199,81,Engineering,Engineering Manager,175,51,132193.32,0,75.5,Role Overload,Tenure,Salary
EMP0200,5,HR,VP of HR,179,3,206782.87,0,45.0,Market Competitiveness,LastPromotion,Role Overload
EMP0201,48,Sales,Sales Representative,167,29,77927.49,0,48.5,Role Overload,LastPromotion,Salary
EMP0202,106,Sales,Sales Manager,181,47,115930.48,0,49.7,Tenure,Market Competitiveness,Role Overload
EMP0203,22,Finance,Accountant,168,2,74155.66,0,24.7,Salary,LastPromotion,MonthlyHours
EMP0204,60,Sales,Sales Representative,170,11,58053.76,0,66.8,Tenure,Salary,LastPromotion
EMP0205,10,Marketing,Marketing Specialist,178,6,68414.5,0,54.2,Market Competitiveness,Salary,Tenure
EMP0206,93,Marketing,Marketing Manager,136,18,120122.5,0,52.2,Tenure,Role Overload,Salary
EMP0207,18,HR,HR Generalist,191,12,62400.86,1,84.1,Salary,Tenure,LastPromotion
EMP0208,35,Finance,Finance Manager,161,7,133041.85,1,51.4,Role Overload,Salary,Market Competitiveness
EMP0209,16,Engineering,Senior Engineer,185,12,101744.6,1,46.0,Salary,Market Competitiveness,MonthlyHours
EMP0210,1,Engineering,Software Engineer,188,0,55872.38,0,58.2,Market Competitiveness,Salary,Tenure
EMP0211,15,Engineering,Staff Engineer,180,11,121230.84,0,64.7,MonthlyHours,Salary,LastPromotion
EMP0212,25,Finance,VP of Finance,175,6,159472.4,0,43.2,Salary,Tenure,MonthlyHours
EMP0213,4,HR,HR Manager,145,2,124496.28,0,38.1,Market Competitiveness,Salary,LastPromotion
EMP0214,21,Sales,Sales Representative,179,9,51536.05,1,76.0,Salary,Role Overload,Market Competitiveness
EMP0215,26,Engineering,Senior Engineer,146,19,101155.7,0,51.2,Tenure,Salary,Role Overload
EMP0216,60,Marketing,Marketing Manager,181,3,128523.29,0,27.3,MonthlyHours,Tenure,Salary
EMP0217,34,HR,HR Generalist,174,18,63491.22,0,78.3,Tenure,Salary,Market Competitiveness
EMP0218,4,Engineering,Staff Engineer,166,2,134256.44,0,38.4,Role Overload,MonthlyHours,LastPromotion
EMP0219,18,Engineering,Software Engineer,179,3,52289.26,0,54.2,Role Overload,Salary,MonthlyHours
EMP0220,5,Operations,Operations Manager,184,0,111619.18,1,37.1,LastPromotion,Tenure,Salary
EMP0221,114,Operations,Operations Specialist,171,9,57197.28,0,50.6,LastPromotion,Salary,Tenure
EMP0222,23,Finance,Financial Analyst,182,15,68942.4,0,51.3,Tenure,Role Overload,Market Competitiveness
EMP0223,4,Marketing,Growth Hacker,187,0,50598.94,0,54.5,Market Competitiveness,Salary,MonthlyHours
EMP0224,3,Marketing,Marketing Manager,172,1,105896.97,1,25.8,Tenure,LastPromotion,Market Competitiveness
EMP0225,8,Finance,Accountant,168,5,58124.3,1,42.8,Tenure,Salary,LastPromotion
EMP0226,118,Sales,Sales Manager,161,39,110981.29,0,40.9,Tenure,MonthlyHours,Market Competitiveness
EMP0227,33,Finance,Finance Manager,185,26,109019.47,0,36.8,MonthlyHours,LastPromotion,Tenure
EMP0228,14,Marketing,Growth Hacker,163,2,65725.2,0,40.2,LastPromotion,Market Competitiveness,MonthlyHours
EMP0229,14,HR,HR Manager,185,2,115266.71,1,26.0,Salary,Tenure,MonthlyHours
EMP0230,3,Finance,VP of Finance,161,1,174842.22,0,51.4,Role Overload,LastPromotion,MonthlyHours
EMP0231,50,HR,VP of HR,173,40,162524.29,0,70.3,Tenure,LastPromotion,Role Overload
EMP0232,9,HR,HR Generalist,172,0,58165.31,1,77.6,Market Competitiveness,Salary,Role Overload
EMP0233,22,Marketing,VP of Marketing,160,20,202701.74,1,28.5,Tenure,Salary,MonthlyHours
EMP0234,42,Finance,Finance Manager,198,12,134105.41,1,63.5,Role Overload,LastPromotion,MonthlyHours
EMP0235,20,Finance,Accountant,175,0,69967.96,0,44.5,Market Competitiveness,Role Overload,LastPromotion
EMP0236,33,Finance,Finance Manager,151,27,102353.03,0,32.6,Market Competitiveness,Salary,MonthlyHours
EMP0237,38,Engineering,Engineering Manager,179,22,131395.5,0,31.0,Market Competitiveness,MonthlyHours,LastPromotion
EMP0238,59,Finance,Financial Analyst,206,40,64196.27,0,79.4,Tenure,Salary,Market Competitiveness
EMP0239,17,Engineering,Engineering Manager,175,4,125526.96,0,28.8,MonthlyHours,LastPromotion,Tenure
EMP0240,14,Finance,Financial Analyst,156,2,67223.79,0,42.7,LastPromotion,Salary,MonthlyHours
EMP0241,66,Operations,Operations Manager,179,39,133734.19,0,53.5,Tenure,Salary,Role Overload
EMP0242,15,Sales,Account Executive,192,14,64528.7,0,71.8,Market Competitiveness,Role Overload,Salary
EMP0243,34,Finance,Accountant,179,13,53570.88,0,43.2,LastPromotion,Tenure,Salary
EMP0244,10,Finance,Finance Manager,171,7,128070.23,1,54.1,Tenure,Market Competitiveness,MonthlyHours
EMP0245,77,HR,HR Generalist,139,10,74143.31,1,40.6,Tenure,Market Competitiveness,LastPromotion
EMP0246,80,Marketing,Growth Hacker,163,44,71440.35,0,74.0,Tenure,LastPromotion,Market Competitiveness
EMP0247,75,HR,VP of HR,183,6,199721.22,0,33.1,Salary,Role Overload,Tenure
EMP0248,63,Operations,Operations Specialist,175,14,72310.73,0,50.8,Tenure,Market Competitiveness,Salary
EMP0249,24,HR,Recruiter,165,10,62480.69,1,58.4,LastPromotion,Market Competitiveness,Salary
EMP0250,22,Sales,VP of Sales,166,8,162562.06,0,44.8,LastPromotion,Market Competitiveness,Salary
EMP0251,20,Finance,VP of Finance,190,16,186502.85,0,22.6,Role Overload,MonthlyHours,LastPromotion
EMP0252,9,Operations,Operations Specialist,166,8,53102.41,0,57.6,LastPromotion,Salary,Role Overload
EMP0253,54,Sales,Sales Manager,188,45,123650.16,0,62.0,Market Competitiveness,Tenure,Role Overload
EMP0254,42,Marketing,Marketing Manager,156,24,105763.31,0,29.8,MonthlyHours,Market Competitiveness,Salary
EMP0255,34,Operations,Operations Specialist,165,22,73107.96,0,38.6,Market Competitiveness,LastPromotion,MonthlyHours
EMP0256,74,Sales,VP of Sales,146,35,158201.85,0,40.0,Tenure,Salary,Role Overload
EMP0257,73,Finance,Financial Analyst,179,10,52733.86,0,48.1,Tenure,Salary,Role Overload
EMP0258,32,Sales,VP of Sales,171,22,206985.8,0,29.3,MonthlyHours,Salary,Role Overload
EMP0259,17,Finance,Accountant,168,8,65869.5,0,28.1,Tenure,Role Overload,MonthlyHours
EMP0260,36,Marketing,Marketing Specialist,159,24,60185.91,0,45.8,Salary,Role Overload,LastPromotion
EMP0261,27,Operations,Operations Specialist,160,6,52003.82,0,51.6,Salary,LastPromotion,Role Overload
EMP0262,5,Sales,Account Executive,190,0,75803.07,1,38.0,MonthlyHours,Role Overload,Tenure
EMP0263,19,Operations,Director of Operations,193,8,159138.98,0,60.0,Role Overload,MonthlyHours,Market Competitiveness
EMP0264,31,HR,VP of HR,184,24,174713.84,0,43.2,Market Competitiveness,Salary,LastPromotion
EMP0265,34,HR,VP of HR,175,19,184062.97,0,49.1,Role Overload,MonthlyHours,Market Competitiveness
EMP0266,53,Marketing,Marketing Manager,151,45,119063.53,0,64.0,Tenure,MonthlyHours,Role Overload
EMP0267,2,Operations,Operations Specialist,175,1,65077.71,0,47.9,Salary,Role Overload,Market Competitiveness
EMP0268,6,Marketing,VP of Marketing,176,0,167068.6,0,20.3,MonthlyHours,Market Competitiveness,LastPromotion
EMP0269,64,HR,VP of HR,208,25,194209.22,1,62.3,Tenure,MonthlyHours,Market Competitiveness
EMP0270,55,Operations,Operations Manager,169,5,121440.5,1,61.0,Tenure,MonthlyHours,Market Competitiveness
EMP0271,18,Marketing,VP of Marketing,178,3,180289.66,0,57.7,Market Competitiveness,MonthlyHours,Tenure
EMP0272,14,Marketing,Growth Hacker,187,11,69166.39,0,35.4,Role Overload,MonthlyHours,LastPromotion
EMP0273,88,Engineering,Senior Engineer,148,23,92326.7,0,39.2,MonthlyHours,Market Competitiveness,Tenure
EMP0274,105,HR,HR Manager,158,16,96977.96,0,40.2,Tenure,MonthlyHours,LastPromotion
EMP0275,162,Marketing,Marketing Manager,189,37,115622.6,1,64.9,Tenure,LastPromotion,Role Overload
EMP0276,34,Operations,Operations Specialist,175,11,52217.35,0,43.2,Market Competitiveness,MonthlyHours,Salary
EMP0277,15,Operations,Operations Manager,167,4,128452.87,0,27.4,Role Overload,LastPromotion,Tenure
EMP0278,40,Marketing,VP of Marketing,169,10,145675.14,1,21.8,Role Overload,MonthlyHours,Tenure
EMP0279,1,Operations,Operations Specialist,209,0,65374.32,0,51.8,Role Overload,Market Competitiveness,MonthlyHours
EMP0280,19,Marketing,Marketing Manager,148,7,97089.38,0,39.7,MonthlyHours,Tenure,LastPromotion
EMP0281,33,Operations,Operations Manager,203,3,134300.92,0,76.2,Role Overload,LastPromotion,Market Competitiveness
EMP0282,27,Marketing,Growth Hacker,187,5,72144.12,0,38.1,LastPromotion,Market Competitiveness,Tenure
EMP0283,2,Marketing,Marketing Specialist,153,1,59614.67,0,65.7,MonthlyHours,Salary,Role Overload
EMP0284,33,Engineering,Staff Engineer,192,26,97459.74,0,66.6,Tenure,MonthlyHours,Role Overload
EMP0285,26,Sales,Sales Representative,161,11,76932.94,0,29.2,LastPromotion,MonthlyHours,Role Overload
EMP0286,39,Sales,Sales Manager,160,0,112811.35,0,42.8,Market Competitiveness,Tenure,MonthlyHours
EMP0287,19,Marketing,Marketing Manager,171,15,109277.1,0,29.1,Market Competitiveness,MonthlyHours,Salary
EMP0288,1,Operations,Director of Operations,172,0,186665.05,0,40.9,Role Overload,LastPromotion,Salary
EMP0289,203,Marketing,Marketing Manager,143,25,130353.6,0,36.8,Tenure,MonthlyHours,Market Competitiveness
EMP0290,55,Engineering,Engineering Manager,158,25,95566.88,0,25.0,Tenure,Market Competitiveness,Salary
EMP0291,1,Marketing,VP of Marketing,152,0,208038.52,0,47.2,Role Overload,Market Competitiveness,Tenure
EMP0292,4,Sales,Account Executive,154,1,68235.41,1,38.5,MonthlyHours,Salary,LastPromotion
EMP0293,27,Finance,Accountant,184,14,59542.02,0,71.1,Market Competitiveness,Salary,MonthlyHours
EMP0294,4,HR,VP of HR,189,0,179199.5,0,41.2,MonthlyHours,Market Competitiveness,Tenure
EMP0295,60,HR,Recruiter,176,3,59100.4,0,55.0,Tenure,MonthlyHours,Salary
EMP0296,3,Engineering,Senior Engineer,161,2,81644.53,0,50.8,Market Competitiveness,Role Overload,MonthlyHours
EMP0297,8,Finance,Finance Manager,186,6,114974.36,0,41.2,Role Overload,Tenure,Market Competitiveness
EMP0298,36,Marketing,Marketing Specialist,164,25,63484.06,0,59.2,Tenure,MonthlyHours,Salary
EMP0299,37,Sales,Sales Manager,158,31,103778.95,0,42.5,MonthlyHours,Market Competitiveness,Role Overload
EMP0300,168,Sales,Sales Manager,162,48,97682.36,0,62.3,Tenure,Market Competitiveness,Salary
EMP0301,20,HR,Recruiter,145,2,55003.07,0,38.0,Tenure,Salary,MonthlyHours
EMP0302,41,Marketing,Marketing Manager,168,8,110737.84,0,38.7,Tenure,Market Competitiveness,LastPromotion
EMP0303,12,Engineering,Staff Engineer,172,11,103737.75,0,24.5,MonthlyHours,LastPromotion,Role Overload
EMP0304,1,Marketing,VP of Marketing,171,0,209540.1,0,32.4,Role Overload,Tenure,MonthlyHours
EMP0305,86,Sales,Account Executive,173,25,67933.91,0,36.5,Tenure,Role Overload,Market Competitiveness
EMP0306,68,HR,HR Generalist,171,16,58465.69,0,55.1,Tenure,Salary,MonthlyHours
EMP0307,71,Finance,Accountant,163,24,77731.9,0,51.9,Tenure,Role Overload,Market Competitiveness
EMP0308,21,Marketing,VP of Marketing,188,3,145439.75,0,48.0,Market Competitiveness,MonthlyHours,LastPromotion
EMP0309,36,Sales,VP of Sales,142,10,197617.71,0,44.7,Salary,MonthlyHours,Role Overload
EMP0310,8,Marketing,Growth Hacker,188,7,65632.57,0,60.3,Role Overload,Tenure,Market Competitiveness
EMP0311,53,Sales,VP of Sales,159,38,168344.63,1,42.0,Tenure,MonthlyHours,Salary
EMP0312,51,Operations,Operations Manager,169,6,102557.26,0,45.1,Tenure,MonthlyHours,LastPromotion
EMP0313,29,Engineering,Senior Engineer,157,2,83412.0,0,43.8,Role Overload,Market Competitiveness,LastPromotion
EMP0314,38,Sales,VP of Sales,177,21,164643.33,0,50.0,Market Competitiveness,LastPromotion,Role Overload
EMP0315,3,Finance,VP of Finance,185,1,163596.34,0,56.9,MonthlyHours,Salary,Role Overload
EMP0316,7,HR,HR Manager,205,4,108663.15,1,72.8,Role Overload,LastPromotion,Market Competitiveness
EMP0317,46,Operations,Director of Operations,165,29,208838.46,0,37.1,Salary,MonthlyHours,LastPromotion
EMP0318,19,HR,Recruiter,173,10,72334.07,0,17.4,Role Overload,Market Competitiveness,MonthlyHours
EMP0319,4,Finance,Accountant,171,1,54177.22,0,49.5,Role Overload,Salary,MonthlyHours
EMP0320,17,Sales,Sales Representative,151,13,71645.45,0,40.3,MonthlyHours,Salary,Tenure
EMP0321,48,Engineering,Senior Engineer,176,31,94136.18,0,38.2,Market Competitiveness,Role Overload,Salary
EMP0322,16,Engineering,Staff Engineer,194,9,111100.38,0,57.7,Salary,Tenure,LastPromotion
EMP0323,25,Marketing,Marketing Manager,150,7,106494.23,1,51.4,Salary,Role Overload,Tenure
EMP0324,74,Sales,Sales Manager,174,23,109247.2,1,56.2,Tenure,MonthlyHours,Market Competitiveness
EMP0325,49,Marketing,Growth Hacker,185,47,52988.97,1,53.3,MonthlyHours,Salary,Role Overload
EMP0326,61,Sales,Account Executive,179,46,77450.17,0,64.2,Role Overload,Tenure,Market Competitiveness
EMP0327,60,Engineering,Software Engineer,185,21,54275.78,0,61.2,Role Overload,Salary,Tenure
EMP0328,18,Operations,Operations Specialist,165,0,72186.77,0,36.8,Role Overload,Tenure,Market Competitiveness
EMP0329,59,Sales,Account Executive,196,10,75478.56,1,76.5,Tenure,LastPromotion,Market Competitiveness
EMP0330,4,HR,HR Manager,160,0,132960.97,0,28.2,LastPromotion,MonthlyHours,Market Competitiveness
EMP0331,15,HR,VP of HR,183,6,140436.56,0,47.8,LastPromotion,MonthlyHours,Tenure
EMP0332,38,Sales,Sales Representative,183,34,71003.01,0,48.6,LastPromotion,Tenure,Market Competitiveness
EMP0333,146,HR,VP of HR,199,51,177877.32,0,60.3,Tenure,Market Competitiveness,MonthlyHours
EMP0334,54,Sales,Sales Representative,160,18,65815.85,0,7.2,Tenure,LastPromotion,Role Overload
EMP0335,35,Engineering,Staff Engineer,177,0,132382.36,0,29.6,MonthlyHours,Market Competitiveness,Tenure
EMP0336,9,Marketing,Growth Hacker,146,7,58277.09,0,33.7,Tenure,Salary,MonthlyHours
EMP0337,20,Operations,Director of Operations,170,13,167313.12,0,41.5,Market Competitiveness,MonthlyHours,Salary
EMP0338,142,Engineering,Software Engineer,139,48,67079.1,0,52.5,Tenure,LastPromotion,Salary
EMP0339,41,Sales,Account Executive,192,11,74580.38,0,50.6,MonthlyHours,LastPromotion,Salary
EMP0340,36,Sales,VP of Sales,166,33,207264.92,0,38.1,MonthlyHours,Tenure,LastPromotion
EMP0341,33,Sales,VP of Sales,181,10,163952.93,1,14.8,LastPromotion,Role Overload,Salary
EMP0342,117,Finance,Finance Manager,172,15,131865.46,0,43.3,Role Overload,MonthlyHours,Tenure
EMP0343,115,Sales,Account Executive,172,43,64825.15,0,62.8,Tenure,Salary,LastPromotion
EMP0344,41,HR,Recruiter,170,27,65396.63,0,40.1,LastPromotion,MonthlyHours,Market Competitiveness
EMP0345,66,HR,HR Generalist,165,7,52360.94,0,63.4,LastPromotion,Salary,Tenure
EMP0346,20,Finance,Finance Manager,198,15,109189.4,0,80.3,Tenure,LastPromotion,Role Overload
EMP0347,53,Sales,Account Executive,175,30,56881.75,0,42.6,Tenure,Salary,Role Overload
EMP0348,9,HR,VP of HR,160,0,197847.68,0,53.9,Salary,Tenure,Role Overload
EMP0349,42,Marketing,Marketing Specialist,167,9,60544.9,0,62.3,Role Overload,Salary,Tenure
EMP0350,169,Sales,Sales Representative,203,47,72071.99,1,90.8,Salary,Tenure,Role Overload
EMP0351,5,Marketing,Marketing Specialist,188,0,67694.69,0,38.8,LastPromotion,Tenure,Role Overload
EMP0352,6,Sales,Account Executive,170,0,65859.61,0,45.3,LastPromotion,Role Overload,Market Competitiveness
EMP0353,13,Finance,Accountant,159,12,70814.31,0,40.9,LastPromotion,Market Competitiveness,Tenure
EMP0354,30,Engineering,Software Engineer,163,24,76541.48,0,41.2,Tenure,LastPromotion,Market Competitiveness
EMP0355,115,Operations,Director of Operations,186,40,193587.73,0,68.9,Market Competitiveness,LastPromotion,Tenure
EMP0356,104,HR,Recruiter,182,57,67322.29,0,51.6,Tenure,MonthlyHours,LastPromotion
EMP0357,128,Sales,VP of Sales,163,5,153345.27,0,42.7,Tenure,LastPromotion,Role Overload
EMP0358,25,Finance,VP of Finance,172,10,172973.14,0,49.4,Role Overload,Market Competitiveness,Tenure
EMP0359,10,Sales,Sales Manager,162,8,125140.1,0,38.4,Salary,Role Overload,MonthlyHours
EMP0360,130,Operations,Operations Manager,178,17,122104.38,0,48.8,Market Competitiveness,Tenure,LastPromotion
EMP0361,92,Engineering,Software Engineer,179,15,66379.54,0,52.3,Tenure,MonthlyHours,Salary
EMP0362,40,Operations,Operations Manager,151,0,122513.21,1,36.8,MonthlyHours,LastPromotion,Tenure
EMP0363,32,HR,Recruiter,184,24,62065.88,0,52.7,Salary,Market Competitiveness,MonthlyHours
EMP0364,41,Marketing,Marketing Specialist,186,19,63846.59,0,42.0,Market Competitiveness,Tenure,Salary
EMP0365,17,Sales,Sales Representative,172,15,61353.19,0,39.1,LastPromotion,Salary,Role Overload
EMP0366,41,HR,HR Generalist,210,5,52545.11,0,71.7,Market Competitiveness,Salary,MonthlyHours
EMP0367,9,HR,VP of HR,187,4,190571.56,0,37.8,MonthlyHours,Market Competitiveness,LastPromotion
EMP0368,77,Engineering,Engineering Manager,202,58,112047.15,0,77.5,Tenure,MonthlyHours,Role Overload
EMP0369,6,Finance,VP of Finance,164,2,181566.3,1,44.2,Market Competitiveness,Role Overload,Salary
EMP0370,6,HR,HR Manager,166,0,116393.53,0,50.7,Salary,Role Overload,MonthlyHours
EMP0371,83,Operations,Operations Specialist,179,29,63723.98,0,55.1,Tenure,Salary,Role Overload
EMP0372,23,Marketing,Marketing Manager,148,21,97586.3,0,44.2,Role Overload,LastPromotion,Salary
EMP0373,101,Engineering,Software Engineer,189,28,70304.89,1,54.7,Tenure,LastPromotion,MonthlyHours
EMP0374,38,Operations,Operations Manager,188,32,116271.95,0,42.2,Market Competitiveness,LastPromotion,Salary
EMP0375,5,Engineering,Engineering Manager,162,4,96030.35,0,30.9,Market Competitiveness,Salary,Tenure
EMP0376,73,Operations,Operations Manager,185,12,118454.29,0,32.8,LastPromotion,Tenure,Salary
EMP0377,74,Sales,Sales Representative,165,6,63468.6,1,57.7,Tenure,Salary,LastPromotion
EMP0378,27,Engineering,Software Engineer,179,16,76583.46,1,32.5,MonthlyHours,Role Overload,LastPromotion
EMP0379,17,Operations,Operations Manager,178,1,125281.45,0,32.0,Salary,Market Competitiveness,LastPromotion
EMP0380,87,Marketing,Growth Hacker,161,56,67778.38,0,66.4,Tenure,LastPromotion,Market Competitiveness
EMP0381,49,Sales,Account Executive,189,27,61706.53,0,54.4,Tenure,Salary,Market Competitiveness
EMP0382,4,Engineering,Staff Engineer,213,1,109429.54,0,47.3,Market Competitiveness,LastPromotion,MonthlyHours
EMP0383,32,Marketing,Marketing Manager,182,22,120366.22,0,38.8,MonthlyHours,Market Competitiveness,Tenure
EMP0384,17,HR,Recruiter,184,0,77681.61,0,40.4,Tenure,Role Overload,Salary
EMP0385,26,Engineering,Staff Engineer,177,20,126487.28,0,48.2,Role Overload,MonthlyHours,Market Competitiveness
EMP0386,2,Finance,Finance Manager,193,1,100754.41,0,53.9,Market Competitiveness,Tenure,LastPromotion
EMP0387,13,Finance,VP of Finance,178,2,163378.19,0,41.4,LastPromotion,Salary,Role Overload
EMP0388,17,Engineering,Senior Engineer,190,11,91392.6,0,30.2,MonthlyHours,Role Overload,Tenure
EMP0389,18,Finance,Finance Manager,203,11,119070.65,0,54.0,Tenure,Salary,Role Overload
EMP0390,20,Marketing,Marketing Specialist,176,14,68765.81,0,34.1,Role Overload,Salary,Market Competitiveness
EMP0391,74,Operations,Director of Operations,147,50,201569.34,0,41.9,Tenure,Market Competitiveness,LastPromotion
EMP0392,90,Engineering,Engineering Manager,172,7,98133.47,0,50.0,Tenure,Salary,LastPromotion
EMP0393,22,Operations,Operations Specialist,149,13,57009.08,0,60.5,LastPromotion,Salary,Market Competitiveness
EMP0394,25,Engineering,Senior Engineer,177,7,108921.97,1,49.9,LastPromotion,Role Overload,MonthlyHours
EMP0395,14,Finance,Finance Manager,179,5,107649.91,0,48.8,MonthlyHours,Role Overload,Salary
EMP0396,29,Finance,Accountant,179,7,57080.33,0,72.6,Salary,LastPromotion,MonthlyHours
EMP0397,80,Operations,Operations Specialist,168,34,51696.37,0,49.2,LastPromotion,Salary,Market Competitiveness
EMP0398,56,Sales,Sales Manager,179,11,106426.14,0,54.5,Tenure,Market Competitiveness,Role Overload
EMP0399,64,Marketing,VP of Marketing,147,23,197650.29,0,61.5,MonthlyHours,Tenure,LastPromotion
EMP0400,16,Sales,VP of Sales,161,9,171680.92,0,44.5,Salary,Tenure,LastPromotion
EMP0401,42,Engineering,Senior Engineer,180,24,95665.96,0,39.4,Tenure,LastPromotion,MonthlyHours
EMP0402,11,HR,Recruiter,166,3,55940.47,0,85.8,MonthlyHours,Salary,Tenure
EMP0403,7,Sales,Account Executive,174,3,69577.67,1,26.7,Market Competitiveness,Role Overload,Salary
EMP0404,94,Finance,VP of Finance,188,56,153633.8,0,60.5,Tenure,MonthlyHours,Role Overload
EMP0405,56,Sales,Sales Representative,189,32,73607.83,0,45.7,Tenure,LastPromotion,Role Overload
EMP0406,22,HR,VP of HR,164,14,161700.18,1,40.2,MonthlyHours,Role Overload,Tenure
EMP0407,7,Marketing,Growth Hacker,189,4,71371.01,0,36.2,Salary,LastPromotion,Market Competitiveness
EMP0408,24,Marketing,VP of Marketing,170,2,191808.67,0,47.8,Salary,Role Overload,Market Competitiveness
EMP0409,27,Finance,VP of Finance,176,6,141811.92,0,31.3,MonthlyHours,Role Overload,LastPromotion
EMP0410,80,Engineering,Software Engineer,170,35,62131.39,0,69.7,Tenure,Salary,MonthlyHours
EMP0411,49,HR,VP of HR,175,16,177273.83,0,43.6,Market Competitiveness,Tenure,Role Overload
EMP0412,23,Finance,Financial Analyst,174,0,55793.27,0,56.3,Market Competitiveness,Salary,LastPromotion
EMP0413,69,Marketing,Marketing Specialist,142,42,75232.07,0,75.8,Tenure,Salary,Market Competitiveness
EMP0414,41,Operations,Director of Operations,169,28,195598.8,0,58.9,LastPromotion,Market Competitiveness,Tenure
EMP0415,34,Engineering,Software Engineer,146,17,56905.85,0,61.5,Tenure,LastPromotion,Salary
EMP0416,2,Marketing,Marketing Specialist,144,1,70248.95,0,29.7,Market Competitiveness,Role Overload,LastPromotion
EMP0417,45,Sales,VP of Sales,177,36,149303.49,0,33.6,Market Competitiveness,MonthlyHours,Role Overload
EMP0418,27,Engineering,Engineering Manager,175,3,108213.81,0,33.0,LastPromotion,Market Competitiveness,MonthlyHours
EMP0419,6,Sales,Sales Representative,182,3,60434.39,0,58.4,Role Overload,Tenure,Salary
EMP0420,49,Marketing,Growth Hacker,165,47,59767.18,0,65.4,Salary,Tenure,MonthlyHours
EMP0421,23,Marketing,VP of Marketing,183,5,158205.94,0,24.1,Tenure,LastPromotion,Market Competitiveness
EMP0422,14,Marketing,Marketing Manager,161,9,130882.77,0,47.5,Tenure,Salary,Market Competitiveness
EMP0423,52,Sales,VP of Sales,187,20,184845.91,0,50.1,Tenure,Role Overload,Salary
EMP0424,24,Sales,Sales Representative,192,22,63104.26,0,71.5,MonthlyHours,Salary,LastPromotion
EMP0425,109,Finance,VP of Finance,177,47,155981.82,0,62.7,LastPromotion,MonthlyHours,Tenure
EMP0426,42,HR,VP of HR,194,23,169118.27,0,40.2,LastPromotion,Tenure,MonthlyHours
EMP0427,74,Operations,Director of Operations,171,56,153541.57,0,61.5,Salary,Role Overload,Tenure
EMP0428,46,HR,HR Generalist,177,32,57819.96,0,49.8,LastPromotion,Salary,Tenure
EMP0429,72,Sales,Account Executive,162,4,50922.26,0,41.5,Tenure,LastPromotion,Salary
EMP0430,3,Operations,Operations Specialist,159,0,76564.56,0,30.2,Role Overload,Tenure,MonthlyHours
EMP0431,18,Finance,Accountant,171,1,75565.16,0,47.2,MonthlyHours,Salary,LastPromotion
EMP0432,62,Engineering,Senior Engineer,171,36,89179.65,0,29.0,Tenure,Salary,MonthlyHours
EMP0433,16,Operations,Operations Manager,147,13,123111.7,0,18.7,Tenure,Salary,Market Competitiveness
EMP0434,15,Finance,VP of Finance,163,14,208048.0,0,40.9,LastPromotion,MonthlyHours,Tenure
EMP0435,61,Sales,Sales Manager,183,10,109829.23,0,33.8,Market Competitiveness,LastPromotion,Tenure
EMP0436,23,HR,VP of HR,185,8,167863.73,0,54.5,Role Overload,Tenure,Salary
EMP0437,8,Sales,Sales Manager,168,6,130966.61,1,49.3,Role Overload,MonthlyHours,Market Competitiveness
EMP0438,51,HR,VP of HR,160,36,209877.06,0,36.8,Market Competitiveness,MonthlyHours,Tenure
EMP0439,88,HR,VP of HR,153,45,142074.45,1,51.7,Tenure,LastPromotion,Role Overload
EMP0440,22,Operations,Operations Specialist,186,21,58886.23,0,51.2,LastPromotion,Salary,Tenure
EMP0441,18,Sales,Account Executive,170,6,68258.07,0,59.5,Salary,MonthlyHours,Role Overload
EMP0442,23,Finance,Financial Analyst,162,14,61842.97,0,64.1,Salary,LastPromotion,MonthlyHours
EMP0443,66,Finance,Accountant,182,10,76784.55,0,17.6,Tenure,Market Competitiveness,Salary
EMP0444,17,Operations,Operations Specialist,167,13,68750.59,0,34.3,MonthlyHours,Salary,Tenure
EMP0445,47,Finance,Financial Analyst,150,13,65029.35,0,33.4,Salary,MonthlyHours,LastPromotion
EMP0446,116,Operations,Operations Manager,171,34,117388.47,0,44.3,LastPromotion,Tenure,Salary
EMP0447,19,HR,VP of HR,168,7,200221.53,1,36.6,Market Competitiveness,Role Overload,LastPromotion
EMP0448,60,Finance,Finance Manager,162,13,125134.49,0,30.4,Tenure,Salary,MonthlyHours
EMP0449,2,HR,HR Manager,138,1,129577.93,1,27.6,LastPromotion,Market Competitiveness,Salary
EMP0450,3,Finance,VP of Finance,177,2,202101.64,0,44.1,Salary,MonthlyHours,Role Overload
EMP0451,25,Operations,Director of Operations,153,3,188395.88,0,41.2,Market Competitiveness,LastPromotion,Tenure
EMP0452,57,Sales,Sales Representative,178,28,56983.24,0,55.5,LastPromotion,Salary,Role Overload
EMP0453,6,Operations,Operations Specialist,189,2,60486.33,0,60.5,MonthlyHours,Tenure,Salary
EMP0454,4,HR,Recruiter,188,0,77370.04,0,34.2,Role Overload,MonthlyHours,Salary
EMP0455,138,Marketing,VP of Marketing,144,26,148725.41,0,35.6,Market Competitiveness,Tenure,Salary
EMP0456,56,Engineering,Engineering Manager,187,13,99302.44,0,45.4,LastPromotion,Tenure,Salary
EMP0457,53,Finance,Accountant,199,52,72590.85,0,63.9,Tenure,MonthlyHours,Role Overload
EMP0458,15,Sales,Account Executive,185,6,67787.12,0,43.5,Role Overload,Tenure,Market Competitiveness
EMP0459,20,Sales,Sales Manager,171,10,95204.34,0,48.4,Role Overload,Market Competitiveness,Salary
EMP0460,12,Engineering,Senior Engineer,209,1,92869.53,0,74.5,Salary,LastPromotion,Market Competitiveness
EMP0461,137,Finance,Finance Manager,169,22,102408.74,0,34.5,Tenure,Market Competitiveness,Salary
EMP0462,174,Operations,Operations Specialist,171,35,71919.39,1,34.1,MonthlyHours,Role Overload,Tenure
EMP0463,3,Marketing,Growth Hacker,176,2,64975.22,0,49.2,Tenure,Salary,Market Competitiveness
EMP0464,47,Sales,Sales Representative,150,15,62180.05,0,55.7,Market Competitiveness,Salary,LastPromotion
EMP0465,41,Finance,Accountant,175,7,50181.97,0,64.8,Role Overload,Salary,MonthlyHours
EMP0466,99,Marketing,Growth Hacker,190,27,50293.97,0,49.5,Tenure,Salary,LastPromotion
EMP0467,8,Sales,Account Executive,159,6,57151.04,0,51.2,Role Overload,Market Competitiveness,Salary
EMP0468,9,Operations,Operations Manager,157,1,120807.37,0,30.5,LastPromotion,Salary,Tenure
EMP0469,24,Operations,Operations Specialist,156,0,64394.51,0,57.7,Market Competitiveness,Salary,MonthlyHours
EMP0470,36,Marketing,Marketing Specialist,180,0,74906.87,0,66.9,Role Overload,LastPromotion,Tenure
EMP0471,29,Operations,Director of Operations,148,0,207703.78,0,44.8,Market Competitiveness,LastPromotion,MonthlyHours
EMP0472,34,HR,VP of HR,173,18,205424.0,0,34.8,Market Competitiveness,Role Overload,Salary
EMP0473,96,HR,Recruiter,153,20,65961.03,1,44.1,Tenure,Role Overload,Market Competitiveness
EMP0474,8,Engineering,Engineering Manager,194,4,97076.06,0,55.8,LastPromotion,Market Competitiveness,Salary
EMP0475,23,Sales,Account Executive,164,9,72942.68,0,46.2,MonthlyHours,Market Competitiveness,LastPromotion
EMP0476,42,Marketing,Marketing Specialist,176,5,54763.67,0,45.3,MonthlyHours,Salary,Market Competitiveness
EMP0477,50,Operations,Director of Operations,205,12,194688.91,0,66.5,Tenure,Salary,Market Competitiveness
EMP0478,35,Operations,Operations Manager,173,9,107402.63,0,32.6,Tenure,Role Overload,Salary
EMP0479,5,Sales,VP of Sales,182,0,143232.06,0,49.2,Tenure,Salary,Role Overload
EMP0480,3,Finance,Accountant,173,1,69021.34,0,34.1,Market Competitiveness,MonthlyHours,Role Overload
EMP0481,25,Marketing,VP of Marketing,176,2,163190.98,0,61.9,Role Overload,Salary,Market Competitiveness
EMP0482,4,Engineering,Senior Engineer,200,1,89477.79,0,49.7,Salary,Market Competitiveness,Tenure
EMP0483,38,Operations,Operations Specialist,170,27,75845.86,0,23.4,LastPromotion,MonthlyHours,Salary
EMP0484,4,Engineering,Software Engineer,183,0,59201.57,1,55.2,LastPromotion,Salary,Market Competitiveness
EMP0485,10,Finance,Accountant,165,4,53513.26,0,43.3,MonthlyHours,Salary,Tenure
EMP0486,29,HR,Recruiter,179,17,50227.44,0,50.5,Tenure,Salary,LastPromotion
EMP0487,31,Marketing,VP of Marketing,164,21,200160.93,0,43.9,MonthlyHours,LastPromotion,Role Overload
EMP0488,10,Finance,Accountant,179,5,54965.25,0,34.7,Role Overload,Salary,Market Competitiveness
EMP0489,9,HR,HR Manager,187,3,98260.93,0,31.6,Salary,Tenure,Role Overload
EMP0490,44,HR,Recruiter,207,21,56060.56,0,60.5,Tenure,Salary,LastPromotion
EMP0491,1,Operations,Director of Operations,173,0,154390.72,0,25.9,Tenure,LastPromotion,Role Overload
EMP0492,2,Finance,Finance Manager,177,0,133275.44,0,57.9,Tenure,Role Overload,Salary
EMP0493,17,Sales,Sales Manager,157,16,113422.08,0,33.0,Market Competitiveness,Salary,LastPromotion
EMP0494,31,Marketing,Growth Hacker,172,13,71993.4,0,10.7,Salary,Role Overload,Market Competitiveness
EMP0495,8,HR,HR Manager,162,1,118211.35,1,46.4,LastPromotion,MonthlyHours,Salary
EMP0496,3,HR,HR Manager,163,1,126766.1,0,39.1,Role Overload,Salary,Market Competitiveness
EMP0497,85,Finance,VP of Finance,155,18,168570.77,1,47.0,Role Overload,Market Competitiveness,Tenure
EMP0498,8,Marketing,VP of Marketing,162,4,171427.24,0,50.5,Tenure,Role Overload,Salary
EMP0499,4,Sales,VP of Sales,159,2,174751.78,0,27.9,Role Overload,Market Competitiveness,Salary
EMP0500,7,Marketing,Marketing Specialist,197,5,58840.71,0,70.3,Tenure,Salary,MonthlyHours
EMP0501,36,HR,VP of HR,186,23,159744.12,0,38.0,Market Competitiveness,Role Overload,Salary
EMP0502,29,Engineering,Senior Engineer,161,1,85718.53,1,44.2,Market Competitiveness,MonthlyHours,Salary
EMP0503,31,Marketing,Marketing Specialist,199,9,54836.4,1,70.5,Role Overload,Salary,Market Competitiveness
EMP0504,20,Marketing,Growth Hacker,186,3,52125.79,0,59.4,Market Competitiveness,MonthlyHours,Salary
EMP0505,23,Sales,VP of Sales,147,7,197774.68,0,31.0,LastPromotion,MonthlyHours,Role Overload
EMP0506,18,Finance,Financial Analyst,144,3,58443.77,0,69.0,MonthlyHours,Salary,Market Competitiveness
EMP0507,72,HR,HR Manager,183,10,132073.19,0,37.5,MonthlyHours,Role Overload,Tenure
EMP0508,29,Operations,Director of Operations,203,0,179645.91,0,82.7,Tenure,Role Overload,LastPromotion
EMP0509,25,Sales,Sales Manager,168,22,102816.81,0,34.5,Tenure,MonthlyHours,LastPromotion
EMP0510,179,Engineering,Staff Engineer,172,35,108482.57,0,32.8,Role Overload,Tenure,Market Competitiveness
EMP0511,32,Engineering,Engineering Manager,165,13,125362.66,0,31.5,Market Competitiveness,MonthlyHours,LastPromotion
EMP0512,54,HR,VP of HR,161,34,160302.52,0,40.5,Salary,LastPromotion,Tenure
EMP0513,119,HR,HR Manager,175,9,103682.31,0,18.9,MonthlyHours,Tenure,Market Competitiveness
EMP0514,19,Marketing,Growth Hacker,190,2,71648.46,0,18.2,MonthlyHours,Salary,Tenure
EMP0515,78,Marketing,VP of Marketing,172,9,174261.68,0,46.0,Tenure,Role Overload,Salary
EMP0516,27,Operations,Director of Operations,182,12,141921.89,0,30.1,Tenure,Salary,LastPromotion
EMP0517,43,Sales,Sales Manager,177,34,131514.3,1,45.1,Role Overload,LastPromotion,Tenure
EMP0518,30,Sales,Sales Manager,183,29,120978.12,0,32.4,Market Competitiveness,LastPromotion,MonthlyHours
EMP0519,30,Sales,VP of Sales,180,15,190309.97,0,28.2,MonthlyHours,Tenure,Role Overload
EMP0520,25,Operations,Operations Manager,175,15,112783.21,0,49.0,Role Overload,MonthlyHours,LastPromotion
EMP0521,5,Finance,Accountant,188,1,59924.17,1,49.6,Role Overload,Salary,Tenure
EMP0522,22,HR,HR Manager,183,16,95804.25,0,61.2,LastPromotion,MonthlyHours,Role Overload
EMP0523,44,HR,HR Manager,170,0,131326.4,0,48.9,MonthlyHours,LastPromotion,Role Overload
EMP0524,17,HR,VP of HR,168,14,165747.05,0,32.0,Market Competitiveness,Role Overload,LastPromotion
EMP0525,21,HR,HR Manager,160,12,114886.16,1,33.3,LastPromotion,MonthlyHours,Tenure
EMP0526,13,Operations,Operations Specialist,169,3,77972.97,0,55.5,Role Overload,Market Competitiveness,Salary
EMP0527,29,HR,HR Manager,172,8,124560.88,0,35.6,Salary,LastPromotion,Market Competitiveness
EMP0528,5,Sales,VP of Sales,163,2,187130.21,0,40.9,Tenure,Market Competitiveness,Role Overload
EMP0529,8,Marketing,Marketing Manager,189,1,102172.86,0,34.0,Salary,LastPromotion,Tenure
EMP0530,52,Sales,Sales Manager,156,36,116024.59,0,43.3,Tenure,Salary,Role Overload
EMP0531,8,Sales,Sales Manager,145,1,133735.94,0,53.7,LastPromotion,Tenure,Salary
EMP0532,10,Marketing,Marketing Specialist,165,1,74114.59,0,46.8,Role Overload,Tenure,LastPromotion
EMP0533,43,Engineering,Engineering Manager,176,32,120183.55,0,38.4,MonthlyHours,Role Overload,LastPromotion
EMP0534,15,Marketing,Growth Hacker,163,12,60552.62,0,56.5,Salary,LastPromotion,MonthlyHours
EMP0535,1,Operations,Operations Specialist,188,0,68605.95,0,57.7,LastPromotion,Tenure,Role Overload
EMP0536,36,Sales,Sales Manager,155,8,104273.17,0,31.6,Market Competitiveness,LastPromotion,MonthlyHours
EMP0537,42,Engineering,Software Engineer,177,23,52948.14,0,59.5,MonthlyHours,Salary,Tenure
EMP0538,1,Sales,Account Executive,178,0,70042.99,0,42.1,Role Overload,Salary,Tenure
EMP0539,53,Sales,Account Executive,189,43,65586.3,0,34.5,MonthlyHours,LastPromotion,Tenure
EMP0540,51,HR,HR Manager,162,37,110528.84,0,64.0,Role Overload,MonthlyHours,Tenure
EMP0541,54,Sales,Account Executive,159,42,60294.24,1,77.5,Tenure,Salary,Role Overload
EMP0542,20,HR,HR Generalist,198,14,62773.29,0,77.6,Salary,MonthlyHours,LastPromotion
EMP0543,10,Sales,Sales Representative,196,6,74578.08,0,59.0,Market Competitiveness,Tenure,MonthlyHours
EMP0544,28,Operations,Operations Specialist,163,1,58923.31,0,59.4,Salary,LastPromotion,Tenure
EMP0545,1,Sales,Account Executive,172,0,69838.97,1,40.9,Role Overload,MonthlyHours,Salary
EMP0546,99,Finance,VP of Finance,164,57,155012.9,0,51.7,Tenure,Role Overload,Market Competitiveness
EMP0547,54,Operations,Director of Operations,162,5,160709.1,0,40.0,Tenure,LastPromotion,MonthlyHours
EMP0548,1,Marketing,Marketing Specialist,155,0,55575.83,0,54.3,LastPromotion,Salary,Role Overload
EMP0549,92,Engineering,Staff Engineer,196,20,113772.46,0,68.8,Role Overload,MonthlyHours,Tenure
EMP0550,98,Finance,Finance Manager,151,39,95629.43,0,48.4,MonthlyHours,Tenure,Market Competitiveness
EMP0551,55,HR,VP of HR,206,36,198458.47,0,52.1,Tenure,LastPromotion,Salary
EMP0552,20,Finance,VP of Finance,168,2,149747.7,1,33.1,MonthlyHours,Salary,LastPromotion
EMP0553,18,Sales,Sales Representative,173,1,70347.11,0,50.7,LastPromotion,MonthlyHours,Salary
EMP0554,1,Sales,Sales Manager,134,0,129234.87,0,25.5,LastPromotion,Market Competitiveness,MonthlyHours
EMP0555,19,Sales,VP of Sales,170,11,167154.7,0,50.1,Role Overload,Salary,Market Competitiveness
EMP0556,23,Finance,Financial Analyst,167,4,65399.31,0,32.4,Role Overload,MonthlyHours,Tenure
EMP0557,34,Sales,VP of Sales,160,17,150078.37,0,38.4,MonthlyHours,Market Competitiveness,LastPromotion
EMP0558,49,HR,Recruiter,173,46,58509.54,0,74.9,Tenure,Salary,LastPromotion
EMP0559,33,HR,HR Manager,175,12,102055.05,1,31.5,MonthlyHours,Salary,Tenure
EMP0560,26,Finance,Financial Analyst,178,8,73748.4,0,54.5,Market Competitiveness,Role Overload,Tenure
EMP0561,30,HR,Recruiter,181,7,50659.15,0,64.7,Salary,Tenure,Market Competitiveness
EMP0562,44,Marketing,Marketing Manager,158,13,128448.52,0,49.3,Role Overload,Salary,LastPromotion
EMP0563,1,Operations,Director of Operations,181,0,144881.1,0,48.8,Salary,Market Competitiveness,LastPromotion
EMP0564,9,Finance,VP of Finance,175,3,147042.48,0,32.5,Market Competitiveness,MonthlyHours,Tenure
EMP0565,10,Finance,Accountant,177,3,60919.26,1,72.5,Salary,LastPromotion,Market Competitiveness
EMP0566,62,HR,Recruiter,173,59,72362.75,0,68.5,Tenure,LastPromotion,Role Overload
EMP0567,3,HR,HR Manager,192,0,104446.22,0,66.6,Role Overload,Salary,Market Competitiveness
EMP0568,55,Finance,Financial Analyst,188,31,55985.74,0,64.3,LastPromotion,Salary,Tenure
EMP0569,51,Engineering,Staff Engineer,194,19,134415.22,1,55.9,Tenure,LastPromotion,MonthlyHours
EMP0570,10,Finance,VP of Finance,159,0,147511.92,0,44.0,Salary,Market Competitiveness,Role Overload
EMP0571,77,Finance,Finance Manager,158,41,124105.06,0,37.1,Market Competitiveness,Tenure,Role Overload
EMP0572,47,Operations,Operations Specialist,137,31,60028.89,0,50.6,Market Competitiveness,Salary,MonthlyHours
EMP0573,42,Finance,Finance Manager,150,0,126801.69,0,38.7,Role Overload,LastPromotion,Market Competitiveness
EMP0574,54,Marketing,Marketing Specialist,169,40,54272.09,0,66.0,MonthlyHours,Salary,Tenure
EMP0575,17,Operations,Operations Specialist,168,16,66619.51,0,27.7,LastPromotion,Market Competitiveness,Role Overload
EMP0576,34,Engineering,Senior Engineer,198,25,107563.33,0,62.3,Role Overload,Tenure,MonthlyHours
EMP0577,35,Marketing,VP of Marketing,168,3,190601.62,0,27.5,Salary,MonthlyHours,Market Competitiveness
EMP0578,16,Operations,Operations Specialist,188,11,57510.23,0,78.4,Market Competitiveness,Salary,Role Overload
EMP0579,6,Engineering,Senior Engineer,148,1,81266.56,0,55.5,MonthlyHours,Salary,LastPromotion
EMP0580,17,Engineering,Senior Engineer,185,16,97759.53,0,36.4,Market Competitiveness,LastPromotion,Tenure
EMP0581,123,Marketing,Growth Hacker,199,28,57790.78,0,82.5,Tenure,Salary,Market Competitiveness
EMP0582,54,Operations,Director of Operations,165,53,166734.01,0,30.5,Role Overload,Tenure,MonthlyHours
EMP0583,15,HR,HR Manager,165,1,123227.94,1,42.0,MonthlyHours,Role Overload,Market Competitiveness
EMP0584,8,Marketing,Marketing Specialist,188,1,54248.13,0,68.6,LastPromotion,Salary,MonthlyHours
EMP0585,90,Operations,Director of Operations,173,56,150185.33,0,45.2,Tenure,Role Overload,LastPromotion
EMP0586,55,Engineering,Staff Engineer,149,34,98114.3,0,42.2,Salary,Tenure,LastPromotion
EMP0587,79,HR,Recruiter,183,7,68607.84,0,36.0,Salary,Market Competitiveness,Tenure
EMP0588,11,Engineering,Senior Engineer,192,1,91620.09,1,66.4,Market Competitiveness,MonthlyHours,Tenure
EMP0589,127,Engineering,Staff Engineer,199,22,122782.1,0,63.2,Tenure,Role Overload,Salary
EMP0590,1,Sales,Sales Representative,177,0,65810.52,0,23.1,Salary,Role Overload,MonthlyHours
EMP0591,7,Engineering,Engineering Manager,168,6,102795.42,0,44.7,Role Overload,MonthlyHours,Market Competitiveness
EMP0592,12,Marketing,VP of Marketing,196,5,199975.42,0,75.1,MonthlyHours,Market Competitiveness,LastPromotion
EMP0593,91,Operations,Operations Specialist,180,56,73294.56,0,53.7,Tenure,Market Competitiveness,MonthlyHours
EMP0594,19,Marketing,Marketing Manager,183,4,131323.55,0,34.4,Tenure,Market Competitiveness,LastPromotion
EMP0595,145,HR,Recruiter,174,3,55724.5,0,64.2,Tenure,Market Competitiveness,Salary
EMP0596,4,HR,VP of HR,194,3,146217.11,0,59.0,Tenure,Market Competitiveness,LastPromotion
EMP0597,52,Operations,Director of Operations,161,27,151494.89,0,42.4,Tenure,Salary,LastPromotion
EMP0598,2,Finance,Financial Analyst,193,1,70554.83,0,80.7,MonthlyHours,LastPromotion,Tenure
EMP0599,78,Marketing,Marketing Specialist,172,21,50662.64,0,50.9,MonthlyHours,Salary,Market Competitiveness
EMP0600,64,Sales,VP of Sales,175,33,169357.27,0,28.9,MonthlyHours,Market Competitiveness,Tenure
EMP0601,34,Operations,Operations Specialist,157,4,58516.56,0,52.5,Tenure,Salary,MonthlyHours
EMP0602,133,Finance,Finance Manager,154,50,100892.43,0,46.9,Tenure,Role Overload,MonthlyHours
EMP0603,28,Engineering,Engineering Manager,196,8,133603.09,0,53.1,Role Overload,LastPromotion,MonthlyHours
EMP0604,32,Engineering,Staff Engineer,163,20,116686.52,0,39.7,Role Overload,Tenure,Salary
EMP0605,10,Engineering,Software Engineer,195,1,66784.58,0,36.5,MonthlyHours,LastPromotion,Market Competitiveness
EMP0606,53,HR,HR Manager,172,48,95107.87,0,57.1,Tenure,Role Overload,Salary
EMP0607,46,Sales,Sales Representative,148,21,60862.41,1,44.6,Market Competitiveness,LastPromotion,Salary
EMP0608,89,Operations,Operations Manager,168,21,96428.83,1,33.9,MonthlyHours,Tenure,Role Overload
EMP0609,24,HR,HR Manager,179,11,100346.53,0,51.0,Role Overload,Tenure,LastPromotion
EMP0610,12,Marketing,VP of Marketing,181,6,168784.08,0,52.8,Market Competitiveness,Salary,Tenure
EMP0611,2,Sales,Account Executive,154,1,61932.95,0,43.9,Salary,Market Competitiveness,Tenure
EMP0612,34,HR,Recruiter,154,19,51824.52,0,54.8,Market Competitiveness,Salary,Role Overload
EMP0613,36,Engineering,Engineering Manager,169,23,107289.73,1,32.8,MonthlyHours,Salary,LastPromotion
EMP0614,23,Marketing,VP of Marketing,178,8,143820.65,0,41.9,Market Competitiveness,Role Overload,Salary
EMP0615,6,Finance,VP of Finance,174,4,192830.36,1,50.7,Role Overload,LastPromotion,MonthlyHours
EMP0616,42,Marketing,VP of Marketing,175,18,207171.27,0,51.1,Role Overload,Market Competitiveness,Tenure
EMP0617,4,Engineering,Senior Engineer,167,0,93085.85,0,49.5,Role Overload,LastPromotion,Tenure
EMP0618,18,Finance,VP of Finance,143,12,178619.64,0,44.9,Market Competitiveness,Salary,Role Overload
EMP0619,13,Operations,Operations Specialist,189,10,70284.68,0,34.8,MonthlyHours,LastPromotion,Salary
EMP0620,31,HR,HR Manager,182,4,113402.95,0,39.3,Role Overload,Salary,LastPromotion
EMP0621,1,Sales,VP of Sales,189,0,188167.84,0,27.9,Tenure,Market Competitiveness,Role Overload
EMP0622,35,Operations,Director of Operations,173,32,142612.65,1,31.2,MonthlyHours,Tenure,Salary
EMP0623,14,Engineering,Senior Engineer,192,5,91996.87,0,77.5,Role Overload,Market Competitiveness,Salary
EMP0624,1,Finance,Financial Analyst,165,0,72761.3,0,46.4,Role Overload,Tenure,Market Competitiveness
EMP0625,2,Sales,VP of Sales,170,0,191889.39,0,37.7,LastPromotion,Market Competitiveness,Salary
EMP0626,74,Marketing,VP of Marketing,181,51,189289.65,0,71.7,Salary,Tenure,Role Overload
EMP0627,20,Marketing,Marketing Manager,176,17,130613.89,0,37.1,MonthlyHours,Tenure,Role Overload
EMP0628,47,Operations,Director of Operations,205,37,199490.13,0,62.5,LastPromotion,Role Overload,MonthlyHours
EMP0629,25,Engineering,Engineering Manager,182,9,116991.11,0,34.9,Role Overload,LastPromotion,Salary
EMP0630,2,HR,HR Manager,155,1,129932.93,0,34.0,Role Overload,Market Competitiveness,Salary
EMP0631,7,Operations,Director of Operations,156,4,172811.86,0,30.8,Salary,Role Overload,MonthlyHours
EMP0632,8,HR,HR Manager,172,5,98392.23,0,34.1,Role Overload,Market Competitiveness,Tenure
EMP0633,54,Sales,Sales Manager,170,48,98397.23,0,53.8,Tenure,LastPromotion,MonthlyHours
EMP0634,10,Finance,Accountant,194,5,73839.88,1,38.7,Salary,Tenure,MonthlyHours
EMP0635,42,Sales,VP of Sales,192,26,162094.65,0,65.0,Role Overload,Market Competitiveness,Tenure
EMP0636,120,Marketing,Growth Hacker,159,34,77615.72,0,34.2,Tenure,LastPromotion,Market Competitiveness
EMP0637,26,Finance,Accountant,163,21,75243.74,1,33.7,LastPromotion,Market Competitiveness,Role Overload
EMP0638,165,Operations,Operations Manager,158,2,110484.02,0,26.4,LastPromotion,Market Competitiveness,Tenure
EMP0639,13,Sales,VP of Sales,172,1,155412.42,0,30.6,MonthlyHours,LastPromotion,Market Competitiveness
EMP0640,94,Marketing,Marketing Specialist,196,14,56646.7,0,79.8,Tenure,Salary,Role Overload
EMP0641,78,Operations,Operations Manager,186,3,114087.23,1,32.2,Tenure,MonthlyHours,Market Competitiveness
EMP0642,56,Marketing,Growth Hacker,172,34,69156.91,0,26.0,Tenure,LastPromotion,MonthlyHours
EMP0643,14,Engineering,Senior Engineer,189,2,86499.11,0,49.3,Market Competitiveness,MonthlyHours,Role Overload
EMP0644,48,Sales,VP of Sales,173,47,150961.97,0,63.9,Tenure,MonthlyHours,Market Competitiveness
EMP0645,28,Engineering,Staff Engineer,181,17,99995.04,0,39.1,Role Overload,LastPromotion,Salary
EMP0646,1,Finance,Financial Analyst,155,0,50817.91,0,72.4,Tenure,Salary,MonthlyHours
EMP0647,10,Marketing,Growth Hacker,153,3,70816.61,0,42.5,Salary,LastPromotion,Market Competitiveness
EMP0648,29,Operations,Director of Operations,168,7,196701.84,0,41.0,Role Overload,LastPromotion,Salary
EMP0649,74,HR,HR Manager,178,47,128812.93,0,46.9,Salary,Tenure,LastPromotion
EMP0650,17,Finance,Finance Manager,176,7,101479.8,0,42.2,MonthlyHours,Tenure,LastPromotion
EMP0651,99,Marketing,VP of Marketing,160,8,160618.69,0,21.3,Tenure,MonthlyHours,Role Overload
EMP0652,39,Marketing,Marketing Manager,159,25,134309.91,0,47.8,MonthlyHours,Role Overload,Salary
EMP0653,74,Engineering,Engineering Manager,195,6,132551.76,0,65.0,Tenure,Role Overload,Salary
EMP0654,15,Operations,Operations Specialist,163,14,51229.09,0,69.4,Tenure,Market Competitiveness,Salary
EMP0655,47,Marketing,Growth Hacker,160,0,70350.61,0,45.0,Tenure,Salary,Role Overload
EMP0656,19,Marketing,Marketing Specialist,157,3,77914.29,0,22.9,Role Overload,Tenure,LastPromotion
EMP0657,147,Engineering,Senior Engineer,164,26,86660.12,0,39.9,Tenure,Market Competitiveness,MonthlyHours
EMP0658,17,HR,Recruiter,150,13,70399.67,0,29.4,Role Overload,LastPromotion,Salary
EMP0659,9,Sales,Sales Manager,198,6,132167.1,0,58.1,Salary,Tenure,MonthlyHours
EMP0660,2,Finance,VP of Finance,178,0,158069.9,1,46.8,Market Competitiveness,MonthlyHours,LastPromotion
EMP0661,29,Operations,Director of Operations,193,4,148132.58,0,73.0,LastPromotion,Market Competitiveness,MonthlyHours
EMP0662,43,Engineering,Software Engineer,185,1,73292.3,0,34.3,Market Competitiveness,LastPromotion,MonthlyHours
EMP0663,2,Finance,VP of Finance,138,1,199419.3,0,58.8,Salary,Tenure,Role Overload
EMP0664,46,Engineering,Senior Engineer,161,40,87771.35,1,26.8,Role Overload,Salary,Tenure
EMP0665,3,Finance,Accountant,148,0,54511.21,0,46.6,Salary,Market Competitiveness,LastPromotion
EMP0666,59,HR,Recruiter,164,27,67072.23,1,44.0,Tenure,Role Overload,Market Competitiveness
EMP0667,5,HR,VP of HR,172,4,181951.73,0,41.0,MonthlyHours,Tenure,Role Overload
EMP0668,4,HR,HR Manager,185,1,104017.6,0,43.0,Market Competitiveness,Tenure,MonthlyHours
EMP0669,14,HR,Recruiter,193,11,63607.55,0,81.0,Market Competitiveness,Role Overload,Salary
EMP0670,4,Engineering,Engineering Manager,161,3,103424.53,0,41.4,Salary,LastPromotion,Tenure
EMP0671,23,Engineering,Software Engineer,166,20,63116.45,1,66.5,Tenure,LastPromotion,Salary
EMP0672,24,Finance,VP of Finance,158,9,207737.94,0,29.5,Role Overload,MonthlyHours,LastPromotion
EMP0673,16,Sales,Sales Representative,162,13,63219.69,0,56.0,Market Competitiveness,Salary,Role Overload
EMP0674,70,Engineering,Staff Engineer,172,30,107210.39,0,39.5,Tenure,Salary,MonthlyHours
EMP0675,44,Finance,Financial Analyst,175,29,66405.74,0,32.4,Tenure,Salary,Role Overload
EMP0676,20,Engineering,Software Engineer,168,13,75790.78,0,30.2,Market Competitiveness,LastPromotion,MonthlyHours
EMP0677,25,Finance,Finance Manager,170,2,121446.22,1,55.0,Role Overload,Tenure,MonthlyHours
EMP0678,101,Marketing,Marketing Specialist,141,55,67254.37,1,74.1,MonthlyHours,Role Overload,Tenure
EMP0679,36,HR,VP of HR,172,23,144829.72,0,40.7,Tenure,Role Overload,LastPromotion
EMP0680,2,Marketing,Marketing Specialist,172,0,61430.98,0,65.4,Tenure,Salary,Market Competitiveness
EMP0681,6,HR,HR Manager,176,0,133810.07,0,47.9,MonthlyHours,Role Overload,LastPromotion
EMP0682,40,Sales,VP of Sales,150,11,207421.57,0,33.1,Role Overload,Salary,MonthlyHours
EMP0683,40,Finance,Financial Analyst,158,34,69363.01,0,42.5,MonthlyHours,Market Competitiveness,LastPromotion
EMP0684,1,HR,Recruiter,148,0,60434.42,0,44.6,LastPromotion,Salary,Role Overload
EMP0685,35,Operations,Director of Operations,181,3,189243.8,0,32.1,Market Competitiveness,Tenure,LastPromotion
EMP0686,75,Operations,Operations Manager,165,33,117475.64,0,30.1,Tenure,Role Overload,Salary
EMP0687,34,Engineering,Staff Engineer,173,12,128399.81,0,47.2,Tenure,Role Overload,Market Competitiveness
EMP0688,59,Operations,Operations Specialist,212,34,59552.95,0,77.3,Tenure,MonthlyHours,Salary
EMP0689,16,Marketing,Growth Hacker,145,3,77415.14,1,33.9,Tenure,LastPromotion,MonthlyHours
EMP0690,54,Engineering,Senior Engineer,183,13,109810.91,0,42.1,Market Competitiveness,Role Overload,Tenure
EMP0691,54,Sales,VP of Sales,181,45,143473.87,0,63.7,Market Competitiveness,Tenure,Role Overload
EMP0692,128,Finance,VP of Finance,179,38,150018.74,0,46.0,Tenure,LastPromotion,Market Competitiveness
EMP0693,79,Finance,Accountant,148,53,70299.88,0,47.6,Tenure,Salary,Role Overload
EMP0694,139,Finance,Finance Manager,162,32,96445.25,0,47.6,Tenure,Market Competitiveness,Salary
EMP0695,23,Engineering,Engineering Manager,198,13,126618.82,0,66.7,MonthlyHours,Tenure,LastPromotion
EMP0696,23,HR,Recruiter,189,1,60097.0,0,61.4,Market Competitiveness,Tenure,Salary
EMP0697,40,Engineering,Senior Engineer,199,3,92051.45,1,67.0,Tenure,MonthlyHours,LastPromotion
EMP0698,73,Engineering,Engineering Manager,163,8,103518.95,0,39.2,Tenure,Market Competitiveness,MonthlyHours
EMP0699,5,Engineering,Engineering Manager,163,1,106125.65,1,39.5,MonthlyHours,Market Competitiveness,Salary
EMP0700,142,Engineering,Software Engineer,174,17,66000.09,0,38.0,Tenure,Salary,MonthlyHours
EMP0701,35,Finance,Financial Analyst,184,18,76852.95,0,39.8,Tenure,LastPromotion,Market Competitiveness
EMP0702,15,Engineering,Engineering Manager,204,10,96267.33,0,54.7,Tenure,LastPromotion,Market Competitiveness
EMP0703,34,Engineering,Engineering Manager,186,11,95831.93,0,45.9,LastPromotion,Tenure,Role Overload
EMP0704,5,HR,Recruiter,164,2,77180.28,0,34.6,MonthlyHours,Tenure,Role Overload
EMP0705,30,Operations,Operations Manager,184,9,110913.66,0,30.1,MonthlyHours,LastPromotion,Salary
EMP0706,4,Operations,Operations Specialist,179,1,61444.51,0,76.3,LastPromotion,Salary,Tenure
EMP0707,21,HR,HR Manager,187,15,107478.7,0,44.3,LastPromotion,Market Competitiveness,Tenure
EMP0708,40,Operations,Director of Operations,153,13,176134.26,0,47.1,LastPromotion,Tenure,Role Overload
EMP0709,4,Sales,Account Executive,174,2,71974.91,0,52.1,Role Overload,Salary,Market Competitiveness
EMP0710,120,Marketing,VP of Marketing,155,56,189094.62,0,68.7,LastPromotion,Tenure,Salary
EMP0711,160,Finance,Financial Analyst,152,5,74579.59,0,55.3,Tenure,MonthlyHours,LastPromotion
EMP0712,39,HR,HR Generalist,170,26,65224.77,0,38.9,MonthlyHours,Market Competitiveness,LastPromotion
EMP0713,89,Operations,Director of Operations,165,11,144439.58,1,45.0,Tenure,LastPromotion,Salary
EMP0714,9,Engineering,Senior Engineer,159,3,81452.07,0,40.5,MonthlyHours,Market Competitiveness,LastPromotion
EMP0715,13,Engineering,Staff Engineer,159,12,100260.99,1,37.1,Salary,Tenure,LastPromotion
EMP0716,4,Finance,Accountant,160,0,75207.65,0,46.7,Salary,Market Competitiveness,Tenure
EMP0717,18,Operations,Director of Operations,177,11,146548.48,0,23.4,MonthlyHours,Tenure,Salary
EMP0718,29,Marketing,Marketing Specialist,183,1,64331.06,1,69.3,Salary,Tenure,Market Competitiveness
EMP0719,153,Operations,Operations Specialist,182,14,73947.46,0,39.1,Market Competitiveness,Role Overload,Tenure
EMP0720,84,Marketing,VP of Marketing,187,33,149235.89,0,42.5,Tenure,MonthlyHours,Role Overload
EMP0721,135,Finance,VP of Finance,182,12,156380.4,0,26.7,Tenure,LastPromotion,Salary
EMP0722,80,Finance,Financial Analyst,186,3,63736.22,0,50.8,Tenure,Salary,Role Overload
EMP0723,65,Engineering,Senior Engineer,151,25,86989.67,0,35.7,LastPromotion,Role Overload,Tenure
EMP0724,22,Marketing,Growth Hacker,185,2,77700.64,0,46.1,Role Overload,MonthlyHours,LastPromotion
EMP0725,10,Engineering,Software Engineer,190,3,72500.51,0,54.0,Role Overload,LastPromotion,MonthlyHours
EMP0726,36,Sales,Sales Manager,164,4,122819.84,0,38.7,Role Overload,LastPromotion,Tenure
EMP0727,12,Marketing,Growth Hacker,155,8,52218.9,0,57.3,Role Overload,Tenure,Salary
EMP0728,25,HR,Recruiter,165,0,50479.21,1,58.7,MonthlyHours,Salary,Market Competitiveness
EMP0729,42,Finance,VP of Finance,181,17,164919.67,1,47.8,MonthlyHours,Market Competitiveness,Salary
EMP0730,21,Marketing,VP of Marketing,182,5,142926.92,0,41.3,LastPromotion,Market Competitiveness,MonthlyHours
EMP0731,40,Operations,Director of Operations,165,33,155535.63,0,51.5,Market Competitiveness,Role Overload,MonthlyHours
EMP0732,24,Engineering,Engineering Manager,183,5,98694.82,0,30.7,Market Competitiveness,MonthlyHours,Role Overload
EMP0733,8,Operations,Operations Manager,168,2,118302.13,0,30.8,Role Overload,Tenure,Market Competitiveness
EMP0734,23,Marketing,Growth Hacker,150,18,75269.37,0,41.2,Market Competitiveness,Salary,LastPromotion
EMP0735,79,Engineering,Software Engineer,180,32,66267.9,0,38.6,Tenure,Role Overload,Salary
EMP0736,14,Sales,Sales Representative,170,13,73103.15,0,56.8,LastPromotion,MonthlyHours,Salary
EMP0737,1,Sales,Sales Representative,199,0,73608.11,1,67.6,LastPromotion,Salary,Tenure
EMP0738,103,Finance,VP of Finance,171,25,196065.91,0,44.0,Tenure,Role Overload,MonthlyHours
EMP0739,52,Operations,Director of Operations,160,24,141684.6,0,32.4,Tenure,Role Overload,LastPromotion
EMP0740,12,Operations,Operations Specialist,184,3,69024.55,0,29.3,Market Competitiveness,LastPromotion,Tenure
EMP0741,37,Marketing,Growth Hacker,176,4,63002.84,0,55.6,LastPromotion,Salary,Tenure
EMP0742,88,Marketing,Marketing Manager,151,23,98197.84,0,31.8,Tenure,Market Competitiveness,Role Overload
EMP0743,6,Operations,Operations Specialist,196,1,76780.15,0,61.4,MonthlyHours,Role Overload,LastPromotion
EMP0744,55,Operations,Director of Operations,175,46,152579.38,0,43.7,MonthlyHours,Tenure,Salary
EMP0745,44,Operations,Operations Manager,192,34,111185.4,0,51.1,Role Overload,Tenure,MonthlyHours
EMP0746,86,Operations,Operations Manager,185,1,121523.12,0,51.1,Tenure,LastPromotion,Role Overload
EMP0747,49,Operations,Director of Operations,180,27,154414.37,0,5.0,Tenure,Role Overload,MonthlyHours
EMP0748,30,Marketing,Marketing Manager,182,11,121709.1,0,43.5,MonthlyHours,Role Overload,LastPromotion
EMP0749,42,Marketing,VP of Marketing,167,18,199801.45,0,23.1,Market Competitiveness,LastPromotion,MonthlyHours
EMP0750,56,Finance,Accountant,184,38,68516.32,0,60.3,Tenure,Role Overload,Salary
EMP0751,34,Operations,Operations Manager,201,10,100941.5,0,43.6,LastPromotion,MonthlyHours,Salary
EMP0752,1,Marketing,Marketing Specialist,189,0,56362.71,0,64.4,Tenure,Salary,LastPromotion
EMP0753,4,Engineering,Staff Engineer,180,1,107507.77,0,44.5,LastPromotion,Salary,Market Competitiveness
EMP0754,11,Engineering,Software Engineer,180,0,55031.5,0,47.2,Role Overload,MonthlyHours,Salary
EMP0755,33,Marketing,Marketing Manager,157,0,99619.3,0,38.3,MonthlyHours,LastPromotion,Tenure
EMP0756,13,Finance,Accountant,149,12,76333.06,0,43.0,Market Competitiveness,LastPromotion,Role Overload
EMP0757,4,Operations,Operations Manager,210,2,123108.89,0,64.1,Salary,Role Overload,MonthlyHours
EMP0758,22,Sales,Account Executive,216,13,60602.49,0,50.7,Tenure,Market Competitiveness,Salary
EMP0759,52,Finance,VP of Finance,153,12,156259.73,0,35.6,Tenure,Role Overload,Salary
EMP0760,4,Sales,Account Executive,174,3,50730.48,0,57.0,Role Overload,Salary,LastPromotion
EMP0761,3,HR,HR Generalist,180,1,61254.18,0,52.7,Role Overload,Salary,Market Competitiveness
EMP0762,25,Sales,Sales Representative,146,3,75510.75,1,49.4,Salary,LastPromotion,Market Competitiveness
EMP0763,11,Sales,VP of Sales,168,8,141763.93,0,34.3,Salary,Role Overload,Tenure
EMP0764,5,HR,Recruiter,190,3,59677.69,0,49.2,MonthlyHours,Salary,Role Overload
EMP0765,43,HR,VP of HR,196,28,165455.73,0,51.3,MonthlyHours,LastPromotion,Role Overload
EMP0766,2,Sales,Account Executive,167,1,73267.64,0,41.4,Market Competitiveness,MonthlyHours,Tenure
EMP0767,27,Operations,Operations Manager,183,24,98554.1,0,52.3,LastPromotion,Salary,Market Competitiveness
EMP0768,42,Operations,Operations Specialist,181,6,51127.21,0,58.7,Role Overload,LastPromotion,Salary
EMP0769,28,Operations,Operations Manager,160,5,112464.14,0,45.1,LastPromotion,Salary,Market Competitiveness
EMP0770,23,Finance,Financial Analyst,161,19,58808.74,0,63.4,MonthlyHours,Salary,Market Competitiveness
EMP0771,29,Engineering,Senior Engineer,194,20,82026.66,0,72.1,Tenure,Salary,LastPromotion
EMP0772,10,Operations,Operations Manager,159,8,125127.61,0,37.6,Market Competitiveness,Role Overload,LastPromotion
EMP0773,17,Operations,Operations Manager,181,2,131760.95,0,46.0,Tenure,Market Competitiveness,LastPromotion
EMP0774,16,Engineering,Staff Engineer,193,13,96510.88,0,45.8,Tenure,LastPromotion,Market Competitiveness
EMP0775,2,Sales,Sales Manager,178,1,99395.07,0,35.7,Salary,Role Overload,MonthlyHours
EMP0776,35,Marketing,Marketing Specialist,207,4,77789.2,0,65.3,Role Overload,Market Competitiveness,LastPromotion
EMP0777,104,Operations,Operations Specialist,173,46,76944.07,0,52.3,Tenure,LastPromotion,Role Overload
EMP0778,40,Finance,Financial Analyst,153,21,70058.25,0,38.3,Market Competitiveness,LastPromotion,Salary
EMP0779,3,Operations,Director of Operations,188,2,202576.83,0,51.7,Role Overload,Tenure,Market Competitiveness
EMP0780,138,Finance,Accountant,184,52,58671.66,1,77.5,Tenure,LastPromotion,Salary
EMP0781,6,HR,Recruiter,169,3,52463.44,0,55.4,Market Competitiveness,Salary,MonthlyHours
EMP0782,45,Operations,Operations Specialist,183,28,75453.82,0,56.8,Role Overload,Salary,Tenure
EMP0783,18,Operations,Director of Operations,176,4,149505.71,0,58.0,Market Competitiveness,MonthlyHours,Role Overload
EMP0784,2,Operations,Operations Manager,175,0,107762.99,0,52.1,Salary,Role Overload,Market Competitiveness
EMP0785,43,Finance,Finance Manager,178,42,96434.04,1,44.1,Role Overload,Tenure,Salary
EMP0786,45,Operations,Operations Manager,191,40,96405.69,1,51.8,Market Competitiveness,LastPromotion,Tenure
EMP0787,54,HR,Recruiter,158,8,74544.27,0,34.4,Market Competitiveness,Tenure,Role Overload
EMP0788,13,Marketing,Marketing Specialist,166,6,68069.58,0,34.6,Tenure,Role Overload,MonthlyHours
EMP0789,59,Sales,Sales Representative,178,47,70892.2,0,31.4,Tenure,MonthlyHours,LastPromotion
EMP0790,1,Finance,Accountant,170,0,54667.73,0,50.5,MonthlyHours,Salary,Role Overload
EMP0791,3,Operations,Operations Manager,144,1,119327.68,0,31.4,MonthlyHours,Tenure,Market Competitiveness
EMP0792,40,Marketing,Marketing Manager,150,18,123356.24,0,30.5,Role Overload,Market Competitiveness,LastPromotion
EMP0793,26,HR,HR Manager,190,17,131717.53,1,33.6,Salary,Role Overload,MonthlyHours
EMP0794,43,Marketing,Marketing Specialist,165,38,67248.32,0,38.9,Salary,LastPromotion,MonthlyHours
EMP0795,29,Finance,Financial Analyst,172,20,71085.51,1,46.1,MonthlyHours,Role Overload,Salary
EMP0796,26,Engineering,Software Engineer,184,19,72376.52,0,49.5,LastPromotion,Tenure,Role Overload
EMP0797,70,Marketing,Marketing Specialist,158,59,73254.25,1,57.6,Tenure,Market Competitiveness,LastPromotion
EMP0798,11,HR,HR Generalist,162,2,74497.4,1,29.4,Market Competitiveness,Tenure,LastPromotion
EMP0799,30,Marketing,Marketing Manager,173,1,131908.24,0,48.4,Market Competitiveness,Tenure,Role Overload
EMP0800,59,Operations,Director of Operations,182,22,146651.92,1,22.5,Tenure,Market Competitiveness,LastPromotion
EMP0801,7,Marketing,Marketing Specialist,149,2,62453.52,0,58.5,Role Overload,Salary,Market Competitiveness
EMP0802,71,Operations,Director of Operations,156,15,157697.05,0,47.5,Tenure,Salary,Role Overload
EMP0803,50,Finance,Accountant,181,31,56409.5,0,57.3,Tenure,Salary,MonthlyHours
EMP0804,23,Sales,Sales Manager,180,18,100263.96,0,31.5,Salary,MonthlyHours,Role Overload
EMP0805,7,Engineering,Software Engineer,192,4,69435.41,1,60.7,MonthlyHours,Salary,LastPromotion
EMP0806,6,Engineering,Senior Engineer,188,0,107155.51,0,46.6,LastPromotion,MonthlyHours,Role Overload
EMP0807,60,Operations,Director of Operations,150,5,193938.23,1,44.9,LastPromotion,Tenure,Salary
EMP0808,5,HR,Recruiter,164,3,53891.5,0,57.5,Role Overload,Salary,Tenure
EMP0809,1,Finance,Financial Analyst,173,0,62295.08,0,62.2,MonthlyHours,Salary,Tenure
EMP0810,39,Engineering,Software Engineer,169,16,59161.97,0,65.2,LastPromotion,Salary,Tenure
EMP0811,73,Marketing,Growth Hacker,156,50,67705.58,1,70.4,Tenure,LastPromotion,MonthlyHours
EMP0812,37,Marketing,Growth Hacker,164,28,67054.81,0,24.8,Tenure,Salary,Market Competitiveness
EMP0813,1,Operations,Director of Operations,179,0,187712.44,0,43.9,Tenure,MonthlyHours,LastPromotion
EMP0814,13,Marketing,Growth Hacker,181,5,75329.06,0,44.6,Salary,Market Competitiveness,MonthlyHours
EMP0815,14,Finance,VP of Finance,148,2,171477.48,0,31.2,Market Competitiveness,Role Overload,Salary
EMP0816,27,Engineering,Engineering Manager,163,23,120406.2,0,46.0,Salary,Tenure,Market Competitiveness
EMP0817,24,Engineering,Senior Engineer,153,1,81871.06,0,46.1,Tenure,Role Overload,MonthlyHours
EMP0818,18,Finance,Finance Manager,180,13,110037.4,0,29.7,LastPromotion,MonthlyHours,Role Overload
EMP0819,90,Operations,Operations Specialist,174,28,73768.69,0,43.6,Salary,Market Competitiveness,Tenure
EMP0820,7,Operations,Director of Operations,166,3,143753.5,0,34.7,Market Competitiveness,MonthlyHours,Tenure
EMP0821,8,HR,HR Manager,166,1,113601.75,0,42.4,MonthlyHours,Salary,Role Overload
EMP0822,30,Operations,Operations Specialist,181,26,68820.45,0,5.8,MonthlyHours,Tenure,Salary
EMP0823,30,Finance,Financial Analyst,180,16,55951.5,0,65.6,MonthlyHours,Salary,LastPromotion
EMP0824,44,Sales,Account Executive,171,21,55365.55,0,57.6,MonthlyHours,Salary,Tenure
EMP0825,19,Engineering,Software Engineer,152,4,54283.24,0,68.6,LastPromotion,Salary,Role Overload
EMP0826,25,Engineering,Engineering Manager,152,22,122124.5,0,55.1,Market Competitiveness,MonthlyHours,Role Overload
EMP0827,54,Operations,Director of Operations,181,7,164605.18,0,55.4,MonthlyHours,Tenure,Market Competitiveness
EMP0828,55,Engineering,Staff Engineer,169,20,109062.96,0,25.9,Tenure,LastPromotion,Market Competitiveness
EMP0829,9,HR,Recruiter,157,1,55642.44,0,36.8,Market Competitiveness,Tenure,Salary
EMP0830,22,HR,Recruiter,176,19,74122.9,0,32.9,Salary,MonthlyHours,Market Competitiveness
EMP0831,24,Marketing,Growth Hacker,189,1,68819.47,0,45.2,MonthlyHours,Market Competitiveness,Tenure
EMP0832,42,Marketing,Growth Hacker,192,18,69104.41,0,64.4,Role Overload,Market Competitiveness,Tenure
EMP0833,3,Marketing,VP of Marketing,166,1,198621.04,0,47.0,LastPromotion,Salary,Role Overload
EMP0834,19,Operations,Operations Specialist,165,10,76913.89,0,27.3,MonthlyHours,Market Competitiveness,Tenure
EMP0835,53,Engineering,Software Engineer,168,8,63050.01,0,52.6,Tenure,MonthlyHours,Salary
EMP0836,10,HR,HR Manager,201,3,96712.45,0,76.3,MonthlyHours,LastPromotion,Market Competitiveness
EMP0837,127,Engineering,Senior Engineer,195,23,98986.72,0,56.7,Role Overload,Tenure,Salary
EMP0838,7,Operations,Operations Specialist,151,2,76918.76,0,35.9,Market Competitiveness,LastPromotion,Tenure
EMP0839,70,HR,VP of HR,164,37,149261.92,0,79.0,Tenure,Role Overload,Market Competitiveness
EMP0840,32,Sales,Sales Manager,178,11,97042.29,0,54.6,Role Overload,LastPromotion,Market Competitiveness
EMP0841,35,Sales,Sales Representative,167,21,58128.95,1,59.2,LastPromotion,Salary,Market Competitiveness
EMP0842,21,Finance,Accountant,178,12,72732.32,0,56.3,Role Overload,MonthlyHours,Salary
EMP0843,12,Finance,Accountant,194,0,56735.74,0,72.8,Role Overload,Salary,Market Competitiveness
EMP0844,19,Operations,Operations Specialist,182,5,73226.8,0,45.6,Role Overload,Salary,Tenure
EMP0845,54,Operations,Operations Manager,159,23,111857.97,0,51.2,Salary,Tenure,LastPromotion
EMP0846,43,Marketing,Marketing Manager,169,42,132940.76,0,43.8,Salary,Role Overload,Market Competitiveness
EMP0847,25,Operations,Operations Manager,175,9,105259.5,1,28.6,Market Competitiveness,Tenure,Salary
EMP0848,5,Finance,VP of Finance,193,4,202877.19,0,55.9,LastPromotion,Salary,MonthlyHours
EMP0849,49,Marketing,Growth Hacker,169,33,76077.89,1,31.5,Tenure,Salary,Role Overload
EMP0850,29,Operations,Operations Manager,192,24,97350.66,1,57.1,Market Competitiveness,Role Overload,Tenure
EMP0851,10,Sales,VP of Sales,152,6,187136.77,0,33.0,Market Competitiveness,Salary,LastPromotion
EMP0852,34,HR,Recruiter,167,26,67253.6,0,23.2,Market Competitiveness,LastPromotion,Salary
EMP0853,82,Marketing,VP of Marketing,166,48,154494.83,0,54.3,MonthlyHours,Tenure,Role Overload
EMP0854,23,Sales,Sales Representative,157,11,74836.87,0,48.3,Market Competitiveness,Tenure,LastPromotion
EMP0855,11,Marketing,Growth Hacker,180,8,50684.94,0,35.3,Role Overload,Salary,LastPromotion
EMP0856,16,Operations,Director of Operations,173,10,186520.4,0,35.7,Market Competitiveness,Salary,LastPromotion
EMP0857,65,HR,Recruiter,170,33,63574.08,0,54.2,Tenure,Salary,LastPromotion
EMP0858,65,Sales,VP of Sales,198,46,187776.24,0,80.5,Tenure,Market Competitiveness,Salary
EMP0859,7,Operations,Operations Specialist,150,4,60548.56,0,70.7,MonthlyHours,Salary,LastPromotion
EMP0860,25,HR,HR Manager,148,18,133777.12,0,42.6,MonthlyHours,LastPromotion,Market Competitiveness
EMP0861,11,HR,VP of HR,168,7,182046.04,1,48.4,MonthlyHours,Role Overload,Market Competitiveness
EMP0862,43,Finance,Financial Analyst,166,7,54695.35,1,60.8,Role Overload,Salary,LastPromotion
EMP0863,42,Operations,Operations Specialist,179,21,77745.89,0,36.4,Market Competitiveness,Tenure,Role Overload
EMP0864,15,Finance,Finance Manager,178,8,102651.13,0,27.3,Market Competitiveness,MonthlyHours,LastPromotion
EMP0865,19,HR,Recruiter,162,2,54389.44,0,51.1,LastPromotion,MonthlyHours,Salary
EMP0866,2,Operations,Director of Operations,181,0,186117.32,0,20.6,Salary,Tenure,MonthlyHours
EMP0867,105,HR,Recruiter,208,37,75295.22,0,68.4,Tenure,Role Overload,Salary
EMP0868,17,Marketing,Marketing Manager,173,4,114941.56,0,21.0,Salary,LastPromotion,MonthlyHours
EMP0869,34,Operations,Director of Operations,168,4,157021.93,1,41.8,LastPromotion,Tenure,Role Overload
EMP0870,42,Operations,Operations Manager,144,35,95069.01,1,34.9,MonthlyHours,Role Overload,Market Competitiveness
EMP0871,56,HR,HR Generalist,171,25,77843.94,0,30.4,Salary,Role Overload,Tenure
EMP0872,41,Finance,Financial Analyst,169,1,73135.77,1,38.9,Role Overload,LastPromotion,Tenure
EMP0873,52,Marketing,Marketing Manager,166,7,119228.94,1,31.6,Tenure,LastPromotion,Market Competitiveness
EMP0874,128,Finance,Financial Analyst,166,31,55030.8,0,52.0,Tenure,Salary,Role Overload
EMP0875,45,Finance,Finance Manager,214,27,106398.9,0,55.2,MonthlyHours,Role Overload,Tenure
EMP0876,41,Engineering,Staff Engineer,192,37,102553.91,1,62.1,Role Overload,Market Competitiveness,Tenure
EMP0877,66,Finance,VP of Finance,178,58,187999.26,0,63.0,Tenure,LastPromotion,Market Competitiveness
EMP0878,76,HR,HR Manager,157,43,118758.5,1,59.9,Tenure,LastPromotion,MonthlyHours
EMP0879,24,Sales,Sales Representative,170,19,77588.46,0,50.4,LastPromotion,Tenure,Salary
EMP0880,8,Engineering,Senior Engineer,154,3,87641.45,0,31.3,Market Competitiveness,Tenure,MonthlyHours
EMP0881,2,Finance,Financial Analyst,159,0,72677.55,0,39.1,Market Competitiveness,Tenure,LastPromotion
EMP0882,14,Sales,Sales Manager,142,2,121963.3,0,46.5,Tenure,LastPromotion,Role Overload
EMP0883,42,Engineering,Engineering Manager,177,2,120778.75,0,36.8,LastPromotion,MonthlyHours,Market Competitiveness
EMP0884,156,HR,HR Generalist,188,31,53734.01,0,57.4,Tenure,Salary,Market Competitiveness
EMP0885,32,Engineering,Staff Engineer,153,4,128678.28,0,42.7,Tenure,Salary,Role Overload
EMP0886,4,Marketing,Marketing Specialist,189,0,66233.48,0,41.2,Market Competitiveness,Salary,MonthlyHours
EMP0887,1,Marketing,Marketing Manager,170,0,129828.17,1,39.9,Salary,MonthlyHours,Role Overload
EMP0888,38,Engineering,Engineering Manager,204,22,134571.61,0,51.5,Salary,Market Competitiveness,Role Overload
EMP0889,79,Engineering,Senior Engineer,172,10,103532.64,0,34.9,Tenure,Salary,LastPromotion
EMP0890,20,Engineering,Software Engineer,181,19,55205.43,0,56.6,MonthlyHours,Salary,Tenure
EMP0891,27,Engineering,Software Engineer,190,25,50753.65,0,63.6,MonthlyHours,Salary,Market Competitiveness
EMP0892,124,Finance,Accountant,194,39,53338.28,0,97.7,Tenure,Salary,Market Competitiveness
EMP0893,7,HR,VP of HR,169,1,197714.3,0,24.6,MonthlyHours,Tenure,Role Overload
EMP0894,14,Finance,Finance Manager,173,12,127013.4,0,33.1,Market Competitiveness,MonthlyHours,LastPromotion
EMP0895,1,HR,VP of HR,169,0,187214.37,0,26.4,Tenure,Market Competitiveness,MonthlyHours
EMP0896,5,Engineering,Engineering Manager,181,3,115228.15,0,40.7,Salary,Market Competitiveness,Tenure
EMP0897,49,Finance,Financial Analyst,163,8,59603.37,0,40.0,Role Overload,Tenure,Salary
EMP0898,182,Sales,Sales Representative,190,27,73227.74,0,40.4,Market Competitiveness,Tenure,Role Overload
EMP0899,188,Operations,Operations Specialist,189,22,51057.77,0,39.6,Market Competitiveness,Salary,LastPromotion
EMP0900,62,Operations,Director of Operations,183,38,173313.57,0,66.5,MonthlyHours,Tenure,Role Overload
EMP0901,11,Engineering,Senior Engineer,161,0,81721.75,1,48.4,Market Competitiveness,Role Overload,MonthlyHours
EMP0902,8,Engineering,Staff Engineer,173,7,113207.11,0,46.6,Salary,Market Competitiveness,LastPromotion
EMP0903,23,HR,HR Generalist,155,21,57822.47,0,51.8,Role Overload,Tenure,Salary
EMP0904,58,HR,Recruiter,170,28,67717.35,0,36.3,LastPromotion,Tenure,Role Overload
EMP0905,138,Marketing,Marketing Specialist,200,7,62087.6,0,76.3,MonthlyHours,Salary,Tenure
EMP0906,37,Engineering,Engineering Manager,174,17,127410.39,0,23.8,Role Overload,MonthlyHours,Tenure
EMP0907,40,Finance,Finance Manager,178,22,131919.51,1,41.5,Role Overload,LastPromotion,Market Competitiveness
EMP0908,56,Engineering,Staff Engineer,181,4,101463.25,0,34.1,MonthlyHours,Tenure,LastPromotion
EMP0909,52,HR,HR Manager,187,22,100295.97,0,33.0,MonthlyHours,Tenure,Salary
EMP0910,62,Finance,Accountant,153,37,67985.24,0,56.3,LastPromotion,Tenure,Market Competitiveness
EMP0911,90,Sales,Sales Manager,147,10,112538.45,0,46.7,Tenure,Role Overload,Salary
EMP0912,13,HR,VP of HR,179,11,185143.45,0,30.8,Market Competitiveness,Salary,Tenure
EMP0913,8,Operations,Operations Manager,177,5,118345.64,0,64.1,Role Overload,Market Competitiveness,Salary
EMP0914,49,Engineering,Software Engineer,171,7,54048.87,0,45.7,Tenure,MonthlyHours,Salary
EMP0915,8,Sales,Sales Representative,177,7,59149.25,0,72.2,LastPromotion,Salary,Market Competitiveness
EMP0916,21,Operations,Operations Manager,179,0,129622.61,0,19.1,Salary,MonthlyHours,Role Overload
EMP0917,137,Engineering,Senior Engineer,184,54,101074.63,0,63.6,Tenure,MonthlyHours,Role Overload
EMP0918,60,Operations,Operations Manager,165,14,130436.96,0,42.4,Tenure,MonthlyHours,LastPromotion
EMP0919,20,Engineering,Engineering Manager,177,12,111749.39,0,41.2,Salary,MonthlyHours,LastPromotion
EMP0920,18,HR,HR Generalist,172,13,54737.28,0,50.2,LastPromotion,Market Competitiveness,Salary
EMP0921,8,HR,Recruiter,186,6,59489.75,0,33.0,MonthlyHours,Tenure,Salary
EMP0922,16,Marketing,Marketing Specialist,174,3,77536.2,0,34.3,Market Competitiveness,MonthlyHours,Salary
EMP0923,62,Finance,Financial Analyst,188,8,71774.35,0,36.0,Salary,MonthlyHours,Tenure
EMP0924,14,Operations,Operations Specialist,192,5,52517.51,0,83.3,Market Competitiveness,Salary,MonthlyHours
EMP0925,242,Operations,Operations Manager,191,25,96205.12,0,58.5,Salary,LastPromotion,Tenure
EMP0926,7,Sales,Account Executive,182,0,51147.24,1,40.9,Role Overload,LastPromotion,Salary
EMP0927,5,HR,HR Generalist,159,2,73567.91,0,44.0,LastPromotion,Market Competitiveness,Salary
EMP0928,24,HR,VP of HR,185,8,145236.96,1,34.2,Salary,Market Competitiveness,Role Overload
EMP0929,37,Sales,Account Executive,149,0,52438.77,1,60.3,MonthlyHours,Salary,Market Competitiveness
EMP0930,145,Engineering,Senior Engineer,142,9,100839.53,0,39.4,Tenure,LastPromotion,Salary
EMP0931,197,Operations,Director of Operations,174,46,160953.79,0,48.4,Tenure,Salary,Market Competitiveness
EMP0932,1,Engineering,Software Engineer,174,0,75154.17,0,28.9,Market Competitiveness,MonthlyHours,Role Overload
EMP0933,129,Sales,Account Executive,162,28,67254.56,0,32.5,Tenure,Salary,MonthlyHours
EMP0934,40,Marketing,Marketing Specialist,156,20,71384.74,0,39.2,Salary,Role Overload,MonthlyHours
EMP0935,87,HR,HR Generalist,171,12,68386.1,0,31.8,Tenure,Role Overload,Salary
EMP0936,35,Marketing,Growth Hacker,156,15,61230.36,0,50.1,Salary,Role Overload,Tenure
EMP0937,1,HR,HR Generalist,179,0,63876.05,0,57.3,Role Overload,Salary,MonthlyHours
EMP0938,69,HR,HR Manager,185,53,133392.05,0,64.5,Tenure,MonthlyHours,LastPromotion
EMP0939,35,Engineering,Engineering Manager,166,12,104647.34,0,35.9,LastPromotion,Market Competitiveness,Salary
EMP0940,7,Marketing,Growth Hacker,185,1,63868.85,0,65.8,Salary,MonthlyHours,LastPromotion
EMP0941,11,Operations,Director of Operations,170,2,141801.12,0,39.5,Market Competitiveness,Role Overload,MonthlyHours
EMP0942,3,Sales,VP of Sales,180,0,147189.75,0,39.5,Market Competitiveness,LastPromotion,Role Overload
EMP0943,144,Operations,Director of Operations,194,57,168199.13,0,81.9,Tenure,Role Overload,Market Competitiveness
EMP0944,5,Engineering,Software Engineer,161,0,56937.22,0,67.7,Market Competitiveness,Salary,Role Overload
EMP0945,72,Operations,Operations Specialist,161,18,61812.3,0,53.1,Tenure,Salary,MonthlyHours
EMP0946,1,Marketing,VP of Marketing,153,0,173158.33,0,43.3,MonthlyHours,Salary,Market Competitiveness
EMP0947,1,Operations,Operations Specialist,166,0,62834.32,0,50.2,Tenure,Salary,MonthlyHours
EMP0948,51,HR,VP of HR,167,40,158913.34,0,46.9,Tenure,Salary,Role Overload
EMP0949,45,HR,HR Generalist,180,37,69132.27,0,53.1,Market Competitiveness,Salary,Tenure
EMP0950,1,Sales,VP of Sales,171,0,168288.37,0,32.8,Salary,Role Overload,Tenure
EMP0951,29,Finance,VP of Finance,185,9,204618.31,0,33.8,LastPromotion,Tenure,Market Competitiveness
EMP0952,49,Sales,Sales Representative,168,15,59821.7,0,59.2,Tenure,Role Overload,Salary
EMP0953,14,Marketing,Marketing Manager,152,13,100179.3,0,43.4,Tenure,Market Competitiveness,Role Overload
EMP0954,57,Sales,Account Executive,184,2,56822.08,1,56.9,Tenure,Salary,Market Competitiveness
EMP0955,28,Sales,VP of Sales,154,13,153040.91,0,27.3,Salary,Tenure,Market Competitiveness
EMP0956,15,Operations,Operations Manager,173,1,120337.05,0,42.1,MonthlyHours,Market Competitiveness,Tenure
EMP0957,34,Sales,Sales Representative,163,29,58355.92,0,41.6,Salary,Market Competitiveness,Role Overload
EMP0958,80,Marketing,Marketing Specialist,174,46,66938.23,0,39.5,Tenure,Market Competitiveness,LastPromotion
EMP0959,46,Marketing,Marketing Specialist,173,28,58352.18,0,58.6,LastPromotion,Salary,Market Competitiveness
EMP0960,54,Sales,VP of Sales,179,38,162387.01,0,58.9,MonthlyHours,Tenure,Market Competitiveness
EMP0961,13,HR,Recruiter,165,5,53189.8,0,61.3,Tenure,Salary,MonthlyHours
EMP0962,18,Engineering,Staff Engineer,188,7,100276.83,0,52.7,Tenure,Market Competitiveness,LastPromotion
EMP0963,20,HR,HR Manager,186,1,117125.93,0,21.6,Role Overload,Salary,Market Competitiveness
EMP0964,49,Sales,VP of Sales,166,44,151975.85,0,45.8,Tenure,Market Competitiveness,Role Overload
EMP0965,10,Operations,Operations Specialist,161,5,59767.79,0,55.6,Role Overload,Salary,LastPromotion
EMP0966,21,Finance,Financial Analyst,185,12,61677.78,0,49.9,Role Overload,Salary,Market Competitiveness
EMP0967,61,HR,Recruiter,164,44,51574.3,0,79.3,Tenure,Salary,MonthlyHours
EMP0968,38,Operations,Operations Specialist,173,20,66950.95,0,22.1,Role Overload,MonthlyHours,Salary
EMP0969,1,Marketing,Marketing Manager,165,0,109720.28,0,45.5,Salary,LastPromotion,Market Competitiveness
EMP0970,5,Sales,Account Executive,169,3,57570.34,0,70.0,Salary,Role Overload,Tenure
EMP0971,10,Finance,Financial Analyst,162,6,56696.04,0,45.2,Salary,Tenure,Role Overload
EMP0972,46,Marketing,Marketing Specialist,186,15,55826.64,0,61.9,Market Competitiveness,Salary,LastPromotion
EMP0973,6,Engineering,Software Engineer,157,2,73765.94,1,63.7,Tenure,Salary,LastPromotion
EMP0974,5,Engineering,Senior Engineer,168,2,94620.86,1,49.1,Salary,Tenure,LastPromotion
EMP0975,11,Finance,VP of Finance,174,1,188195.92,0,38.3,LastPromotion,Tenure,Market Competitiveness
EMP0976,2,Marketing,Growth Hacker,161,1,54525.71,0,52.8,LastPromotion,Salary,Tenure
EMP0977,14,Operations,Operations Specialist,176,1,76195.45,0,38.7,MonthlyHours,Tenure,LastPromotion
EMP0978,74,Marketing,VP of Marketing,169,4,200005.88,0,36.2,Tenure,LastPromotion,MonthlyHours
EMP0979,19,Marketing,Marketing Manager,191,2,99047.14,0,67.7,LastPromotion,Market Competitiveness,MonthlyHours
EMP0980,23,Marketing,Marketing Manager,167,11,132809.0,0,36.1,Salary,Role Overload,Tenure
EMP0981,42,Finance,Accountant,152,29,53009.54,0,62.2,LastPromotion,Salary,Role Overload
EMP0982,7,Sales,VP of Sales,184,5,144114.83,0,21.3,MonthlyHours,Market Competitiveness,Salary
EMP0983,29,HR,HR Generalist,174,13,51158.03,0,47.7,Role Overload,Salary,Tenure
EMP0984,29,Sales,Sales Representative,153,25,63017.19,1,69.3,Role Overload,Salary,MonthlyHours
EMP0985,40,HR,HR Manager,183,39,99383.35,1,39.0,Role Overload,Market Competitiveness,Tenure
EMP0986,4,HR,HR Manager,172,3,127912.15,1,46.3,Salary,MonthlyHours,Market Competitiveness
EMP0987,1,HR,Recruiter,181,0,59626.26,1,65.0,Role Overload,Salary,Tenure
EMP0988,18,Operations,Operations Specialist,164,7,59723.77,0,28.8,LastPromotion,Salary,Tenure
EMP0989,3,Marketing,Marketing Manager,167,0,101292.04,0,45.0,MonthlyHours,Salary,LastPromotion
EMP0990,42,HR,HR Manager,192,1,113734.3,0,66.4,Role Overload,MonthlyHours,Tenure
EMP0991,73,Operations,Operations Manager,192,56,96248.01,0,90.1,Tenure,Role Overload,Market Competitiveness
EMP0992,8,HR,VP of HR,176,5,193581.96,1,43.4,Role Overload,Market Competitiveness,Salary
EMP0993,1,Operations,Operations Specialist,172,0,59593.27,0,62.4,Tenure,Salary,Market Competitiveness
EMP0994,8,Finance,Finance Manager,158,5,122398.98,0,25.5,Market Competitiveness,Salary,MonthlyHours
EMP0995,28,Marketing,Growth Hacker,170,14,55614.65,0,44.8,Role Overload,Salary,MonthlyHours
EMP0996,43,Marketing,VP of Marketing,174,19,164908.67,0,15.3,LastPromotion,Salary,MonthlyHours
EMP0997,13,Finance,Accountant,166,9,65019.31,0,50.6,Tenure,LastPromotion,Market Competitiveness
EMP0998,6,Marketing,Growth Hacker,205,4,55603.59,1,97.2,LastPromotion,Salary,Role Overload
EMP0999,89,Finance,Financial Analyst,201,59,52378.58,0,88.9,Tenure,Role Overload,Salary
EMP1000,1,Marketing,Growth Hacker,187,0,77196.62,0,39.6,LastPromotion,Salary,Market Competitiveness
EMP1001,16,HR,HR Manager,135,8,128647.33,0,40.1,MonthlyHours,LastPromotion,Role Overload
EMP1002,49,HR,VP of HR,160,29,171262.43,0,41.4,Tenure,Role Overload,LastPromotion
EMP1003,2,Engineering,Engineering Manager,164,1,128593.93,0,42.0,Role Overload,Tenure,LastPromotion
EMP1004,92,Finance,Accountant,180,39,67195.36,0,59.1,Salary,Market Competitiveness,Tenure
EMP1005,3,HR,VP of HR,159,1,160907.33,0,41.4,Role Overload,Market Competitiveness,MonthlyHours
EMP1006,10,Engineering,Engineering Manager,169,8,103717.2,0,29.9,Salary,LastPromotion,MonthlyHours
EMP1007,10,Sales,Account Executive,163,6,65881.64,0,64.0,Tenure,Salary,LastPromotion
EMP1008,54,Sales,Account Executive,179,52,70905.47,1,58.2,MonthlyHours,LastPromotion,Tenure
EMP1009,38,Marketing,Marketing Manager,195,35,98415.23,1,76.4,Market Competitiveness,Role Overload,Salary
EMP1010,9,Operations,Operations Manager,166,3,96284.81,0,48.8,LastPromotion,Tenure,Salary
EMP1011,76,Operations,Operations Specialist,175,22,53001.28,0,42.4,Tenure,Salary,MonthlyHours
EMP1012,35,Sales,VP of Sales,171,27,175266.08,0,58.0,LastPromotion,Role Overload,MonthlyHours
EMP1013,38,Operations,Operations Specialist,167,20,75755.1,1,42.2,MonthlyHours,Tenure,Role Overload
EMP1014,55,Engineering,Software Engineer,178,1,55862.03,0,36.5,Tenure,Salary,Market Competitiveness
EMP1015,28,Finance,Finance Manager,203,17,104969.25,0,60.0,Market Competitiveness,MonthlyHours,Salary
EMP1016,61,Sales,VP of Sales,183,8,197987.2,0,49.9,MonthlyHours,Salary,Tenure
EMP1017,70,Operations,Operations Manager,173,55,114035.98,0,55.6,LastPromotion,Role Overload,Tenure
EMP1018,9,Sales,Sales Representative,173,5,71466.71,0,41.4,MonthlyHours,Market Competitiveness,LastPromotion
EMP1019,51,Marketing,VP of Marketing,172,38,165769.8,0,45.5,Tenure,Market Competitiveness,Salary
EMP1020,48,Engineering,Software Engineer,172,31,64620.19,0,55.9,LastPromotion,Salary,MonthlyHours
EMP1021,9,Operations,Director of Operations,182,2,206243.53,0,48.0,MonthlyHours,LastPromotion,Salary
EMP1022,17,HR,VP of HR,168,3,176047.57,0,29.8,Salary,Tenure,LastPromotion
EMP1023,28,Finance,VP of Finance,156,27,158486.73,0,51.6,Salary,MonthlyHours,Market Competitiveness
EMP1024,60,Finance,Accountant,184,33,58245.57,0,63.5,Tenure,Salary,Market Competitiveness
EMP1025,5,Sales,Sales Representative,165,0,68022.45,0,20.1,LastPromotion,Market Competitiveness,Role Overload
EMP1026,7,Engineering,Software Engineer,172,3,69651.18,0,38.8,Role Overload,Salary,Tenure
EMP1027,56,Finance,VP of Finance,173,10,149951.77,0,31.5,Salary,Tenure,Market Competitiveness
EMP1028,95,HR,Recruiter,193,53,56650.04,0,85.7,Tenure,Role Overload,Salary
EMP1029,4,HR,HR Manager,169,1,104009.8,0,26.6,Market Competitiveness,LastPromotion,Salary
EMP1030,6,HR,VP of HR,164,3,153329.19,0,45.8,Market Competitiveness,Salary,MonthlyHours
EMP1031,60,Marketing,Growth Hacker,189,57,72627.95,0,57.9,LastPromotion,Market Competitiveness,Tenure
EMP1032,50,Engineering,Software Engineer,191,11,52178.28,0,74.4,Tenure,Salary,MonthlyHours
EMP1033,120,Marketing,Marketing Manager,150,25,115657.24,0,43.5,Tenure,Salary,MonthlyHours
EMP1034,17,Finance,Accountant,195,1,51530.38,0,75.8,Tenure,Salary,LastPromotion
EMP1035,27,Marketing,Growth Hacker,143,21,60693.15,0,35.6,Role Overload,LastPromotion,Salary
EMP1036,51,HR,VP of HR,194,9,182353.67,0,49.8,MonthlyHours,Tenure,Salary
EMP1037,5,Operations,Operations Specialist,161,1,69107.01,0,61.1,Tenure,Market Competitiveness,Salary
EMP1038,14,HR,Recruiter,192,0,70520.64,0,58.7,Tenure,MonthlyHours,LastPromotion
EMP1039,72,Operations,Operations Specialist,148,57,64068.21,0,74.4,Tenure,Salary,MonthlyHours
EMP1040,35,Finance,VP of Finance,152,27,206012.67,0,38.6,MonthlyHours,Role Overload,Salary
EMP1041,76,Finance,Accountant,185,10,51876.21,0,38.0,Salary,MonthlyHours,Tenure
EMP1042,23,HR,HR Manager,175,21,97411.0,0,38.8,Salary,Tenure,Market Competitiveness
EMP1043,40,Operations,Director of Operations,177,21,201736.02,0,35.8,MonthlyHours,Role Overload,Market Competitiveness
EMP1044,9,HR,HR Manager,180,8,102788.13,1,35.2,Salary,Tenure,MonthlyHours
EMP1045,12,Operations,Operations Specialist,177,10,71388.3,0,24.8,Market Competitiveness,Salary,Tenure
EMP1046,184,Operations,Operations Manager,194,25,110421.87,0,67.0,Tenure,Market Competitiveness,LastPromotion
EMP1047,59,Engineering,Engineering Manager,168,45,124857.38,1,50.2,Tenure,LastPromotion,MonthlyHours
EMP1048,29,Marketing,Marketing Specialist,175,26,66156.6,0,44.9,Tenure,Market Competitiveness,MonthlyHours
EMP1049,68,Engineering,Senior Engineer,157,15,92854.3,0,30.5,Tenure,LastPromotion,Salary
EMP1050,61,HR,VP of HR,181,45,199429.24,0,57.5,Salary,Tenure,Market Competitiveness
EMP1051,7,Marketing,Marketing Manager,184,5,109020.78,0,36.2,Tenure,LastPromotion,MonthlyHours
EMP1052,3,Marketing,Growth Hacker,166,2,62859.91,0,57.1,Salary,Market Competitiveness,Tenure
EMP1053,27,Operations,Operations Manager,168,13,124640.85,0,30.7,Tenure,LastPromotion,MonthlyHours
EMP1054,10,Engineering,Senior Engineer,161,0,89202.79,0,37.6,Market Competitiveness,MonthlyHours,Role Overload
EMP1055,10,Finance,Finance Manager,166,1,100450.62,0,30.9,LastPromotion,MonthlyHours,Role Overload
EMP1056,199,Operations,Operations Manager,185,39,112373.24,0,42.4,Tenure,LastPromotion,Market Competitiveness
EMP1057,11,Sales,VP of Sales,162,6,199547.98,0,40.9,Market Competitiveness,Tenure,Salary
EMP1058,71,Sales,VP of Sales,181,40,179330.62,0,71.5,Tenure,Market Competitiveness,LastPromotion
EMP1059,10,Marketing,VP of Marketing,170,4,151760.74,0,54.2,Role Overload,LastPromotion,Market Competitiveness
EMP1060,45,Finance,Accountant,175,39,61809.29,0,70.3,Role Overload,Salary,LastPromotion
EMP1061,15,Operations,Director of Operations,175,10,145981.02,0,49.1,Market Competitiveness,MonthlyHours,Salary
EMP1062,6,Engineering,Staff Engineer,181,2,95257.68,1,55.0,MonthlyHours,Role Overload,Market Competitiveness
EMP1063,57,Engineering,Software Engineer,174,24,69830.26,0,46.1,Tenure,Market Competitiveness,LastPromotion
EMP1064,44,Operations,Operations Specialist,179,31,58973.94,0,49.0,LastPromotion,Salary,Tenure
EMP1065,6,HR,HR Manager,189,0,96858.26,0,30.9,Salary,MonthlyHours,Market Competitiveness
EMP1066,23,Engineering,Staff Engineer,167,20,114172.91,1,43.1,Tenure,Market Competitiveness,Role Overload
EMP1067,3,HR,Recruiter,167,0,76078.42,0,30.2,Tenure,Market Competitiveness,Role Overload
EMP1068,42,Sales,Sales Representative,186,39,73579.94,0,46.8,LastPromotion,Salary,Tenure
EMP1069,38,Sales,Sales Manager,183,32,131404.66,0,47.1,Salary,LastPromotion,MonthlyHours
EMP1070,66,HR,HR Generalist,181,42,67467.3,0,55.7,Tenure,Market Competitiveness,Salary
EMP1071,139,Sales,Sales Manager,175,39,103097.66,1,53.5,Tenure,MonthlyHours,LastPromotion
EMP1072,26,Marketing,Marketing Specialist,177,21,74892.05,0,28.0,Role Overload,MonthlyHours,Market Competitiveness
EMP1073,9,Marketing,Marketing Specialist,159,4,62709.03,1,62.6,Salary,Role Overload,LastPromotion
EMP1074,63,Finance,VP of Finance,158,53,166357.23,0,61.6,Tenure,LastPromotion,Market Competitiveness
EMP1075,49,HR,Recruiter,166,3,75274.26,0,36.6,Role Overload,MonthlyHours,Tenure
EMP1076,32,HR,HR Manager,169,8,132619.17,0,30.6,Role Overload,Market Competitiveness,Tenure
EMP1077,67,Operations,Operations Specialist,195,12,65245.75,1,55.6,LastPromotion,Tenure,Salary
EMP1078,12,Sales,VP of Sales,193,3,167475.82,0,69.9,LastPromotion,Tenure,Market Competitiveness
EMP1079,2,Operations,Operations Manager,165,0,126565.41,0,35.1,Role Overload,Market Competitiveness,MonthlyHours
EMP1080,125,Sales,Sales Manager,156,5,105887.91,0,21.0,Market Competitiveness,MonthlyHours,Tenure
EMP1081,72,Marketing,VP of Marketing,176,0,184511.05,0,50.4,Tenure,LastPromotion,Role Overload
EMP1082,63,Marketing,Marketing Manager,172,20,109946.79,1,26.1,Tenure,Market Competitiveness,Salary
EMP1083,17,Marketing,Growth Hacker,160,12,64492.9,0,56.5,MonthlyHours,Salary,Tenure
EMP1084,34,Finance,Financial Analyst,154,25,60342.14,0,37.4,LastPromotion,Salary,Tenure
EMP1085,22,HR,Recruiter,172,10,64333.53,0,45.5,Tenure,Salary,LastPromotion
EMP1086,30,Sales,VP of Sales,190,21,188609.54,0,36.9,Role Overload,Salary,Tenure
EMP1087,30,Sales,VP of Sales,193,5,180273.8,0,57.8,MonthlyHours,Market Competitiveness,Tenure
EMP1088,7,HR,VP of HR,170,6,144011.08,0,51.4,MonthlyHours,Market Competitiveness,Salary
EMP1089,10,Finance,Finance Manager,156,3,121794.05,0,49.8,Role Overload,Tenure,LastPromotion
EMP1090,61,Sales,Sales Representative,188,49,62174.58,0,88.3,Tenure,Salary,LastPromotion
EMP1091,87,HR,HR Generalist,182,37,57857.25,0,73.5,Tenure,Role Overload,Salary
EMP1092,10,Finance,VP of Finance,158,4,181948.08,0,38.6,LastPromotion,MonthlyHours,Tenure
EMP1093,8,HR,HR Manager,191,4,115325.91,0,57.7,MonthlyHours,LastPromotion,Role Overload
EMP1094,18,Operations,Operations Manager,178,17,124289.3,0,39.0,Salary,Role Overload,Market Competitiveness
EMP1095,57,Operations,Operations Manager,159,29,124182.34,1,31.9,LastPromotion,Salary,Tenure
EMP1096,24,Finance,Finance Manager,175,15,111813.6,0,41.6,Salary,LastPromotion,Role Overload
EMP1097,21,Engineering,Senior Engineer,198,8,107182.43,0,48.3,Market Competitiveness,MonthlyHours,Salary
EMP1098,23,Sales,Sales Manager,176,11,132988.21,0,53.7,Market Competitiveness,MonthlyHours,LastPromotion
EMP1099,55,Marketing,Marketing Manager,168,1,116005.45,0,36.2,Tenure,Role Overload,MonthlyHours
EMP1100,7,Engineering,Senior Engineer,198,5,101902.33,0,47.0,LastPromotion,Salary,Tenure
EMP1101,4,HR,Recruiter,174,0,52822.93,1,63.1,Market Competitiveness,Salary,Tenure
EMP1102,6,HR,HR Generalist,174,5,69665.01,0,44.4,Role Overload,Tenure,LastPromotion
EMP1103,8,Marketing,Growth Hacker,167,4,72052.41,0,27.8,Tenure,Salary,Market Competitiveness
EMP1104,111,Sales,VP of Sales,192,45,144804.21,0,86.0,Tenure,MonthlyHours,Salary
EMP1105,74,Marketing,VP of Marketing,158,26,140051.49,0,41.0,Salary,Tenure,MonthlyHours
EMP1106,18,HR,HR Manager,178,9,123480.57,0,37.6,Role Overload,Market Competitiveness,LastPromotion
EMP1107,106,Engineering,Software Engineer,199,18,53690.25,0,77.2,LastPromotion,Salary,MonthlyHours
EMP1108,4,Sales,Sales Representative,174,3,53184.52,0,42.0,Salary,LastPromotion,MonthlyHours
EMP1109,9,Engineering,Senior Engineer,166,0,84878.85,0,56.1,Salary,LastPromotion,MonthlyHours
EMP1110,50,HR,VP of HR,170,47,185874.98,1,52.0,Tenure,LastPromotion,MonthlyHours
EMP1111,45,Engineering,Engineering Manager,182,19,125541.89,0,36.3,MonthlyHours,Tenure,LastPromotion
EMP1112,63,Engineering,Software Engineer,207,21,54249.28,0,72.8,Role Overload,Salary,Market Competitiveness
EMP1113,80,HR,VP of HR,138,42,160840.92,0,48.6,Tenure,MonthlyHours,LastPromotion
EMP1114,18,Finance,VP of Finance,177,15,142604.28,0,28.0,LastPromotion,MonthlyHours,Role Overload
EMP1115,37,Operations,Director of Operations,169,19,143097.25,1,67.3,MonthlyHours,Salary,Tenure
EMP1116,67,Operations,Operations Specialist,198,37,77971.62,0,79.6,Tenure,LastPromotion,Role Overload
EMP1117,9,Finance,Financial Analyst,170,5,50716.09,0,47.5,Salary,Tenure,Market Competitiveness
EMP1118,3,Engineering,Engineering Manager,180,0,121025.47,0,34.1,Role Overload,MonthlyHours,Market Competitiveness
EMP1119,27,Engineering,Senior Engineer,185,13,84711.22,0,49.1,LastPromotion,Tenure,Salary
EMP1120,57,Marketing,Marketing Specialist,171,33,76650.75,1,55.8,Tenure,MonthlyHours,Role Overload
EMP1121,22,HR,HR Manager,188,12,101262.07,0,42.2,LastPromotion,Market Competitiveness,Role Overload
EMP1122,14,Finance,Financial Analyst,164,11,62270.36,1,53.5,Market Competitiveness,Salary,LastPromotion
EMP1123,17,Operations,Operations Manager,164,6,122781.31,0,45.0,Salary,MonthlyHours,Tenure
EMP1124,26,Engineering,Software Engineer,148,24,51661.21,0,58.6,Role Overload,Salary,Tenure
EMP1125,18,Engineering,Engineering Manager,194,7,102639.73,0,46.4,MonthlyHours,Role Overload,Market Competitiveness
EMP1126,15,Marketing,VP of Marketing,191,1,196567.23,1,59.0,Tenure,Market Competitiveness,Role Overload
EMP1127,4,HR,Recruiter,175,0,61677.86,0,57.3,Role Overload,Salary,Tenure
EMP1128,52,Engineering,Senior Engineer,181,18,101773.03,0,29.0,Tenure,LastPromotion,Market Competitiveness
EMP1129,36,HR,VP of HR,165,33,159422.65,0,43.0,MonthlyHours,Salary,Role Overload
EMP1130,12,Engineering,Engineering Manager,196,3,132139.69,0,56.9,Tenure,LastPromotion,MonthlyHours
EMP1131,3,Marketing,Marketing Specialist,194,1,74730.34,1,56.1,Tenure,Salary,Role Overload
EMP1132,43,Marketing,VP of Marketing,186,41,208659.99,0,43.5,LastPromotion,MonthlyHours,Tenure
EMP1133,37,Engineering,Software Engineer,156,10,58464.43,0,60.2,LastPromotion,Salary,Market Competitiveness
EMP1134,26,Marketing,Marketing Manager,176,2,112666.94,0,46.7,MonthlyHours,Tenure,Salary
EMP1135,25,HR,HR Manager,169,9,119243.54,0,44.6,Role Overload,Market Competitiveness,LastPromotion
EMP1136,24,Sales,Sales Representative,176,22,55782.7,0,54.8,LastPromotion,Salary,MonthlyHours
EMP1137,35,Operations,Operations Specialist,207,20,70147.73,0,57.3,LastPromotion,MonthlyHours,Role Overload
EMP1138,11,Marketing,Marketing Manager,187,10,99838.16,1,36.3,Market Competitiveness,LastPromotion,Tenure
EMP1139,15,Marketing,Marketing Manager,191,5,109921.68,0,76.4,MonthlyHours,Market Competitiveness,LastPromotion
EMP1140,61,HR,VP of HR,191,58,170268.65,0,79.1,Tenure,LastPromotion,Role Overload
EMP1141,1,Sales,Sales Representative,159,0,62884.37,0,59.2,Tenure,Salary,LastPromotion
EMP1142,3,Sales,Sales Representative,194,1,50094.79,1,70.4,MonthlyHours,LastPromotion,Salary
EMP1143,51,Operations,Operations Specialist,181,37,56475.51,0,72.0,Tenure,Salary,MonthlyHours
EMP1144,7,Engineering,Senior Engineer,170,4,102330.23,0,34.1,LastPromotion,Tenure,MonthlyHours
EMP1145,113,Finance,Finance Manager,201,7,106319.44,0,49.8,Tenure,Salary,LastPromotion
EMP1146,72,Engineering,Engineering Manager,167,27,100591.45,1,39.3,Tenure,Market Competitiveness,Salary
EMP1147,9,Marketing,Marketing Specialist,171,2,74828.01,0,27.3,Tenure,Role Overload,MonthlyHours
EMP1148,20,Finance,Financial Analyst,161,14,73088.11,0,37.2,Role Overload,MonthlyHours,Tenure
EMP1149,126,Marketing,Marketing Specialist,179,49,61914.39,0,65.6,Tenure,Salary,MonthlyHours
EMP1150,4,HR,VP of HR,163,0,182255.25,0,31.4,Role Overload,Salary,Market Competitiveness
EMP1151,45,Marketing,Marketing Specialist,171,12,72676.0,1,43.5,Salary,Market Competitiveness,Tenure
EMP1152,42,Finance,Financial Analyst,179,19,60931.1,0,47.4,LastPromotion,Market Competitiveness,Salary
EMP1153,228,Sales,Account Executive,174,56,61726.22,0,74.4,Market Competitiveness,Salary,Role Overload
EMP1154,103,Finance,Finance Manager,153,21,107717.51,0,37.2,Tenure,MonthlyHours,LastPromotion
EMP1155,62,Finance,Financial Analyst,152,48,71161.19,0,48.0,Tenure,LastPromotion,Role Overload
EMP1156,18,Operations,Operations Specialist,163,9,66388.73,1,28.8,Tenure,Role Overload,MonthlyHours
EMP1157,48,Engineering,Engineering Manager,182,47,130899.31,0,48.7,Role Overload,MonthlyHours,Market Competitiveness
EMP1158,6,Finance,Financial Analyst,161,5,59257.38,0,51.8,Tenure,Salary,Market Competitiveness
EMP1159,62,Sales,Sales Representative,198,11,74704.4,1,60.6,Tenure,Salary,MonthlyHours
EMP1160,9,Marketing,Marketing Specialist,170,7,63147.29,0,42.6,MonthlyHours,Salary,Role Overload
EMP1161,3,Finance,VP of Finance,166,0,171132.33,0,28.7,Market Competitiveness,Role Overload,MonthlyHours
EMP1162,128,Engineering,Software Engineer,176,47,53160.43,0,72.4,Salary,LastPromotion,Tenure
EMP1163,91,Finance,Accountant,167,46,53587.24,0,76.4,Salary,Tenure,Role Overload
EMP1164,153,Operations,Operations Manager,166,16,131626.08,1,42.0,Role Overload,Market Competitiveness,Tenure
EMP1165,73,Finance,Accountant,190,14,55492.07,0,58.4,Role Overload,Salary,MonthlyHours
EMP1166,23,Engineering,Staff Engineer,168,7,108892.78,0,51.9,Salary,LastPromotion,Role Overload
EMP1167,38,HR,HR Generalist,181,36,67208.84,0,32.6,Market Competitiveness,Role Overload,MonthlyHours
EMP1168,54,Operations,Director of Operations,209,23,177099.55,0,55.9,Tenure,Salary,Role Overload
EMP1169,6,Marketing,Marketing Specialist,189,2,77544.77,0,41.3,Role Overload,Tenure,LastPromotion
EMP1170,23,Sales,Sales Manager,182,22,112617.85,0,37.1,MonthlyHours,Role Overload,Market Competitiveness
EMP1171,3,Sales,VP of Sales,150,2,144571.66,1,54.5,LastPromotion,Role Overload,MonthlyHours
EMP1172,89,Operations,Operations Manager,194,34,126629.81,0,45.0,Tenure,Role Overload,MonthlyHours
EMP1173,21,Operations,Operations Specialist,175,7,63355.52,1,43.8,MonthlyHours,Role Overload,Salary
EMP1174,33,HR,HR Generalist,174,17,64449.02,0,60.1,Salary,LastPromotion,Tenure
EMP1175,51,Marketing,Marketing Specialist,152,15,67064.62,0,37.2,Tenure,MonthlyHours,Market Competitiveness
EMP1176,56,Marketing,Marketing Specialist,136,54,60788.19,0,74.2,Tenure,Market Competitiveness,Salary
EMP1177,26,Finance,Finance Manager,185,16,112689.42,0,34.6,Role Overload,Tenure,MonthlyHours
EMP1178,48,Engineering,Senior Engineer,164,35,92727.72,0,29.7,Role Overload,Market Competitiveness,MonthlyHours
EMP1179,11,HR,HR Manager,164,2,96573.23,0,42.8,Role Overload,Salary,Market Competitiveness
EMP1180,53,Finance,Financial Analyst,190,42,70556.4,0,41.7,LastPromotion,Tenure,MonthlyHours
EMP1181,21,Finance,Accountant,192,19,74788.71,0,62.5,LastPromotion,Tenure,Salary
EMP1182,13,Marketing,VP of Marketing,169,3,174833.95,0,62.9,Market Competitiveness,Tenure,LastPromotion
EMP1183,50,Operations,Operations Manager,179,20,113853.99,0,49.4,Tenure,Market Competitiveness,Salary
EMP1184,42,Finance,Financial Analyst,147,37,60151.69,0,45.0,MonthlyHours,Salary,Market Competitiveness
EMP1185,14,Finance,Financial Analyst,171,2,61090.9,0,38.1,Salary,MonthlyHours,Tenure
EMP1186,14,Sales,Sales Representative,163,2,58648.5,1,66.5,Role Overload,Salary,Market Competitiveness
EMP1187,115,Marketing,Marketing Manager,188,50,119713.27,1,65.4,Tenure,Market Competitiveness,MonthlyHours
EMP1188,35,Finance,Accountant,165,15,68687.36,0,41.6,Market Competitiveness,MonthlyHours,Salary
EMP1189,5,HR,Recruiter,156,0,71324.48,0,20.9,Market Competitiveness,Tenure,LastPromotion
EMP1190,39,HR,HR Manager,181,6,107995.45,0,55.1,Market Competitiveness,Role Overload,LastPromotion
EMP1191,13,Marketing,Growth Hacker,152,9,59127.25,0,54.3,MonthlyHours,Salary,Market Competitiveness
EMP1192,15,HR,HR Generalist,154,7,65246.73,0,45.3,Role Overload,Market Competitiveness,MonthlyHours
EMP1193,22,Sales,Sales Representative,191,17,54715.44,1,85.8,LastPromotion,Salary,Tenure
EMP1194,80,HR,VP of HR,220,3,184793.66,0,41.8,LastPromotion,Role Overload,Tenure
EMP1195,51,Finance,VP of Finance,156,14,158714.48,0,43.7,Tenure,Role Overload,Salary
EMP1196,29,Marketing,Marketing Specialist,152,21,67018.01,0,37.7,Tenure,Salary,Role Overload
EMP1197,15,Engineering,Staff Engineer,168,3,132216.6,0,54.1,Role Overload,Salary,LastPromotion
EMP1198,37,Operations,Director of Operations,178,17,166814.45,0,49.6,Market Competitiveness,Salary,Tenure
EMP1199,82,Finance,Finance Manager,178,52,110237.5,1,64.0,Tenure,Market Competitiveness,LastPromotion
EMP1200,9,Finance,Accountant,139,6,64651.25,0,85.9,Market Competitiveness,Salary,Tenure
EMP1201,14,HR,HR Generalist,173,5,62358.35,0,45.3,Market Competitiveness,Salary,Role Overload
EMP1202,22,Finance,Accountant,206,18,77806.67,0,59.6,Market Competitiveness,Salary,MonthlyHours
EMP1203,13,HR,HR Generalist,155,4,76644.41,0,40.3,Market Competitiveness,Role Overload,Tenure
EMP1204,10,HR,VP of HR,188,2,179180.6,1,47.9,Role Overload,Salary,Tenure
EMP1205,22,Marketing,Growth Hacker,183,19,67875.91,0,41.2,Role Overload,Tenure,Salary
EMP1206,23,Engineering,Software Engineer,156,0,56374.84,0,52.1,MonthlyHours,Salary,Tenure
EMP1207,5,Operations,Operations Specialist,188,1,64737.37,0,70.7,Role Overload,Salary,Market Competitiveness
EMP1208,158,Finance,Finance Manager,167,42,100298.55,0,43.4,Role Overload,Market Competitiveness,Tenure
EMP1209,1,HR,VP of HR,181,0,173833.72,0,35.2,LastPromotion,Role Overload,Tenure
EMP1210,23,Finance,Accountant,183,20,56501.73,0,50.4,Role Overload,Salary,Market Competitiveness
EMP1211,2,Marketing,Marketing Manager,165,0,129025.0,0,30.6,Role Overload,Market Competitiveness,LastPromotion
EMP1212,30,Finance,Financial Analyst,175,24,73382.71,0,51.4,Role Overload,Salary,Market Competitiveness
EMP1213,4,Operations,Director of Operations,166,1,151732.86,0,42.6,LastPromotion,Salary,MonthlyHours
EMP1214,20,HR,Recruiter,184,4,70397.21,1,38.9,LastPromotion,Salary,Tenure
EMP1215,84,Marketing,VP of Marketing,186,17,149091.57,1,57.1,Tenure,Market Competitiveness,Role Overload
EMP1216,27,Finance,Finance Manager,176,20,106830.44,0,43.6,Market Competitiveness,Role Overload,Salary
EMP1217,3,Engineering,Software Engineer,161,2,66261.98,0,28.8,Tenure,LastPromotion,Market Competitiveness
EMP1218,18,HR,HR Manager,180,17,114482.05,1,39.2,Market Competitiveness,MonthlyHours,LastPromotion
EMP1219,60,Operations,Operations Specialist,193,52,67271.85,0,70.7,Tenure,LastPromotion,Salary
EMP1220,5,Operations,Operations Manager,169,1,100347.17,1,42.4,Market Competitiveness,Salary,LastPromotion
EMP1221,4,Operations,Director of Operations,187,0,154787.21,1,45.2,MonthlyHours,Salary,Role Overload
EMP1222,51,Operations,Director of Operations,182,35,140863.33,0,46.2,Market Competitiveness,Tenure,MonthlyHours
EMP1223,13,Sales,Account Executive,182,10,74121.26,1,33.2,LastPromotion,Salary,Tenure
EMP1224,105,HR,HR Manager,173,50,109800.64,0,60.6,Tenure,LastPromotion,Role Overload
EMP1225,31,Operations,Director of Operations,188,15,172150.67,1,49.4,Salary,LastPromotion,MonthlyHours
EMP1226,9,Operations,Director of Operations,174,4,199155.77,0,41.0,MonthlyHours,Tenure,Market Competitiveness
EMP1227,9,Finance,Financial Analyst,159,0,73428.3,0,42.2,Market Competitiveness,Tenure,Role Overload
EMP1228,26,Operations,Operations Specialist,202,12,77194.75,0,61.8,Role Overload,MonthlyHours,Market Competitiveness
EMP1229,17,Engineering,Staff Engineer,191,16,114739.42,0,45.1,MonthlyHours,LastPromotion,Role Overload
EMP1230,64,Operations,Operations Specialist,176,53,76810.13,0,37.0,Salary,Tenure,Role Overload
EMP1231,5,Engineering,Senior Engineer,172,2,87392.58,1,32.0,Role Overload,Salary,Market Competitiveness
EMP1232,71,Engineering,Engineering Manager,152,57,111303.66,1,50.5,Role Overload,Tenure,Salary
EMP1233,15,Engineering,Software Engineer,163,3,52680.8,1,63.9,MonthlyHours,Salary,Tenure
EMP1234,68,Marketing,Growth Hacker,141,59,76186.09,1,65.0,LastPromotion,Tenure,Role Overload
EMP1235,115,HR,VP of HR,178,20,164786.83,0,29.9,Role Overload,Tenure,MonthlyHours
EMP1236,9,Sales,Sales Manager,168,2,97974.47,0,34.4,Market Competitiveness,MonthlyHours,Role Overload
EMP1237,5,Finance,VP of Finance,190,3,203424.68,1,46.6,LastPromotion,MonthlyHours,Salary
EMP1238,48,HR,Recruiter,160,5,67921.21,0,29.3,Salary,Role Overload,MonthlyHours
EMP1239,45,Marketing,Marketing Manager,188,41,111714.56,0,50.8,Salary,Tenure,Market Competitiveness
EMP1240,11,Engineering,Staff Engineer,155,2,99474.8,0,33.6,MonthlyHours,Tenure,LastPromotion
EMP1241,75,Engineering,Staff Engineer,167,29,129700.85,0,53.8,Tenure,Market Competitiveness,Salary
EMP1242,22,HR,VP of HR,179,15,172111.28,0,32.5,Market Competitiveness,Role Overload,Tenure
EMP1243,10,Finance,Accountant,201,7,50384.76,0,77.7,Tenure,Salary,LastPromotion
EMP1244,26,Marketing,VP of Marketing,171,14,199248.82,0,46.8,Role Overload,MonthlyHours,Salary
EMP1245,3,Engineering,Senior Engineer,163,0,106882.77,0,48.6,Market Competitiveness,Salary,MonthlyHours
EMP1246,8,Finance,VP of Finance,156,5,166369.57,1,46.3,LastPromotion,Market Competitiveness,Salary
EMP1247,25,HR,HR Generalist,176,21,69932.75,0,48.7,Tenure,Salary,Role Overload
EMP1248,13,Engineering,Software Engineer,171,2,71756.61,1,58.0,MonthlyHours,Salary,Tenure
EMP1249,30,Marketing,VP of Marketing,185,5,171144.73,0,33.1,LastPromotion,MonthlyHours,Salary
EMP1250,7,Marketing,Marketing Manager,177,1,96548.14,0,28.1,LastPromotion,MonthlyHours,Market Competitiveness
